{
"type": "FeatureCollection",
"name": "南港區村里界",
"crs": { "type": "name", "properties": { "name": "urn:ogc:def:crs:OGC:1.3:CRS84" } },
"features": [
{"type":"Feature","properties":{"id":"南港區村里界.1","Name":null,"description":null,"timestamp":null,"begin":null,"end":null,"altitudeMode":null,"tessellate":-1,"extrude":0,"visibility":-1,"drawOrder":null,"icon":null,"AREA":517029.87205000001,"NEW":6300900011.0,"FULL":"臺北市南港區成福里","PERF_ID":63009.0,"COUN_ID":"6300900","CPID":"63009","CPTID":"6300900","CPTVID":"6300900011","NPID":63009.0,"NPTID":6300900.0,"NPTVID":6300900011.0,"PNAME":"臺北市","TNAME":"南港區","VNAME":"成福里","PTVNAME":"臺北市南港區成福里","PTNAME":"臺北市南港區","TVNAME":"南港區成福里","TM2_MAX_X":310033.153,"TM2_MAX_Y":2771064.31,"TM2_MIN_X":309109.677,"TM2_MIN_Y":2770060.12,"MAX_X":121.59496,"MAX_Y":25.04654,"MIN_X":121.58576,"MIN_Y":25.03751,"SECT_NAME":"南港區","LIE_NAME":"成福里","sn":256.0},"geometry":{"type":"MultiPolygon","coordinates":[[[[121.588646164633005,25.040559824446898],[121.588608205252996,25.040607932473701],[121.588422566393007,25.040830323295499],[121.588232503415,25.0410133826772],[121.588221960252,25.041023537314299],[121.588218145046994,25.041027211924799],[121.587855721078,25.041369652037702],[121.587852649436996,25.041373287273402],[121.587833928205995,25.041395443527701],[121.587572715820002,25.041704582746199],[121.587541557316996,25.041741458109801],[121.587441616391004,25.041871960459599],[121.587436384167006,25.041878792661699],[121.587366268378005,25.041971688143601],[121.587313724949993,25.042048408173599],[121.587239304944006,25.0421614530533],[121.587183423702001,25.042240249788101],[121.587164846454996,25.042266445071402],[121.587116721868995,25.042347174056498],[121.587064235642003,25.042435973237801],[121.586998730735999,25.042569124238401],[121.586919957793,25.0426942656226],[121.586867595523003,25.042811249662201],[121.586819691285001,25.042936278078301],[121.586756887424002,25.0430728808706],[121.586747157494997,25.0430940441329],[121.586734548958006,25.0431269533373],[121.586706319643994,25.043202492120098],[121.586675910530005,25.043299265978401],[121.586649892034004,25.043391986976101],[121.586641532135005,25.0434886647271],[121.586624439019999,25.043601482913399],[121.586626543902,25.043636843324599],[121.586629232090004,25.043682002772201],[121.586629749392998,25.0437907249284],[121.586639009834997,25.043883306607199],[121.586661566678998,25.0439919417277],[121.586697458992006,25.044120665644002],[121.586746494471996,25.044233222660601],[121.586782271927007,25.044337779051101],[121.586817886217005,25.044410124176402],[121.586677074452993,25.044628019166101],[121.586632214090002,25.0446974368176],[121.586421089669003,25.045024212663201],[121.586175792746005,25.045410677292999],[121.585804002182002,25.046013200903701],[121.586224017282007,25.046141494334201],[121.586655783926005,25.0462733757408],[121.586970070836003,25.046355354285701],[121.587236319688003,25.046407531918099],[121.587384843959001,25.046440971754599],[121.587785568455004,25.046505741566701],[121.588195428831995,25.046541693251399],[121.588295058772005,25.046549469635],[121.588494305176994,25.0465650211469],[121.588501132836001,25.046564863698499],[121.588931354422996,25.0465549419913],[121.589007697929006,25.046553181350799],[121.589666036428994,25.0465439274221],[121.589748298022002,25.046542072999799],[121.589809938374003,25.046528949163601],[121.590150355318997,25.0464424505724],[121.591288605952997,25.046168453194099],[121.592044181882997,25.0459865660271],[121.592282355571001,25.045947762235301],[121.592406716238997,25.045947266348399],[121.592531258842996,25.045984623996901],[121.592655938014005,25.046050374024901],[121.593038963541005,25.046243797341798],[121.593207658417001,25.046335096202899],[121.593407374910996,25.0458248139836],[121.593484547968004,25.0457699968863],[121.593427178414004,25.045683683184802],[121.593303075036005,25.045448361040801],[121.593279848026,25.045391738126799],[121.593274778463993,25.0453604154951],[121.593278000140998,25.0453484624732],[121.593297631972007,25.0453394289515],[121.593394287866005,25.045322625208701],[121.593445100340006,25.045319437191498],[121.593645229182997,25.045339532818101],[121.593778640506997,25.045349946608798],[121.593831085386995,25.045345259415399],[121.593870384851996,25.045334654678101],[121.593901436115999,25.045313635300801],[121.593930804688995,25.045283667528601],[121.593947078176001,25.0452582296661],[121.593958389842996,25.045223856524501],[121.593964768342005,25.045186518067698],[121.593967860516997,25.045147700230999],[121.593964437576005,25.045117863559799],[121.593959382234004,25.045089525934401],[121.593942770827994,25.045044816798899],[121.593898092543995,25.044959921906599],[121.593820579850004,25.044866203105101],[121.593728375837998,25.044785975682601],[121.593556647222997,25.0446335753693],[121.593474549544993,25.044509372023601],[121.593751179642993,25.044425954634502],[121.593728692479999,25.044119083770301],[121.593958116775994,25.0437728279406],[121.594177570446007,25.043323796885801],[121.594540588776994,25.042581005909899],[121.594539108668997,25.042274051048299],[121.594565569611007,25.041758527987302],[121.594577517841998,25.041525666267699],[121.594660523987002,25.041314295667298],[121.594845054874,25.040373471900899],[121.594926369513004,25.039902392520698],[121.592919750918,25.040419933227401],[121.592760525003001,25.040165169492699],[121.592756503738997,25.040158888438],[121.592737499505006,25.040132561384301],[121.592716048941,25.0401078434639],[121.592692315300994,25.040084922794101],[121.592666479209996,25.0400639738141],[121.592638737298003,25.040045155957099],[121.592609300697006,25.0400286124374],[121.592578393433996,25.040014469160401],[121.592546250732994,25.040002833764099],[121.592513117216996,25.0399937948001],[121.592479245049006,25.039987421060001],[121.592444892016005,25.039983761051399],[121.592433469406998,25.039983457609001],[121.592410319562006,25.039982842629001],[121.592375790803004,25.039984672782499],[121.592341568519998,25.039989237583502],[121.592307913164007,25.039996502291299],[121.592275080871005,25.040006411617899],[121.592243321511006,25.040018890147699],[121.592212876792999,25.0400338429125],[121.592183978416003,25.040051156113499],[121.592156846313998,25.040070697987801],[121.592131686977993,25.040092319810999],[121.592108691887006,25.040115857029001],[121.592088036045993,25.0401411305103],[121.592069876661,25.040167947909499],[121.592054351935005,25.040196105130899],[121.592045835704994,25.040213554186099],[121.591833887416001,25.040647817102801],[121.591581106817003,25.041165737419998],[121.591564014526,25.041195101328899],[121.591541681931005,25.041222815920801],[121.591509394219003,25.041251418776],[121.591492836585005,25.041261789616101],[121.591477017016999,25.041271698166899],[121.591444383346001,25.041286029121601],[121.591411934042,25.0412954119926],[121.591382921155997,25.041300185927302],[121.591352525931001,25.041301877783201],[121.591204959346996,25.0413013657238],[121.591050776681996,25.041300830549801],[121.591021754823004,25.041299600831199],[121.590984102885997,25.0412945233968],[121.590950203128003,25.041286484167799],[121.590944660141005,25.0412856748042],[121.590918432958006,25.041280539938501],[121.590892796825997,25.041273342164502],[121.590867946854004,25.041264136261901],[121.590844072164998,25.0412529922936],[121.590819280521998,25.041238582159899],[121.590809772987001,25.041231771247801],[121.590790123862007,25.0412157516439],[121.590772082089003,25.041198232851801],[121.590755784977006,25.0411793482007],[121.590741356555995,25.041159241414899],[121.590728906633998,25.0411380655197],[121.590721539715005,25.041122387093498],[121.590718529962999,25.041115981676899],[121.590710305513994,25.041093157958301],[121.590704295880002,25.041069768066698],[121.590700546795006,25.041045990013501],[121.590699086792,25.041022004764201],[121.590699926979994,25.0409979948612],[121.590707831280994,25.040873436769498],[121.590654973678994,25.040644254999599],[121.590609455218996,25.040446893791199],[121.590625421919,25.040372845865001],[121.590639490648002,25.040360360462699],[121.590691812480003,25.0403139270176],[121.590827418801993,25.040196321756401],[121.590965610126005,25.0400805387753],[121.591085917352004,25.039998501255202],[121.591173377100006,25.039598835838198],[121.591241304012001,25.039510561576101],[121.591300243142996,25.039433967237201],[121.591349706678002,25.039079398679501],[121.591375563739007,25.038894036815002],[121.591424731516994,25.038889110439602],[121.591502897089001,25.0388061389115],[121.591539115887002,25.038779240212399],[121.591564582019998,25.038760895502499],[121.591571425487004,25.038756120823699],[121.591577786133001,25.038750820929799],[121.591583615549993,25.0387450361563],[121.591588869373993,25.038738810528798],[121.591593507618001,25.038732191428299],[121.591597494984001,25.03872522923],[121.591600801124997,25.038717976920701],[121.591603400878995,25.038710489694701],[121.591605274461003,25.0387028245345],[121.591606188556,25.038696544698499],[121.591606791708998,25.038687194667599],[121.591606423827997,25.0386793489136],[121.591605306768997,25.038671562225598],[121.591603449033002,25.0386638938649],[121.591600864759997,25.038656402192199],[121.591597573616994,25.0386491442239],[121.591391955725996,25.038016106817999],[121.591316837975995,25.037535935523099],[121.591293800827003,25.037513719006501],[121.591229138531006,25.037488354841798],[121.590901061232998,25.0375704785782],[121.590663180497003,25.037625800052702],[121.590470341536005,25.037762501140602],[121.590381819317003,25.037925970848001],[121.590351022747001,25.038077574065198],[121.590351634860994,25.038205444258999],[121.590345466100999,25.038261310035601],[121.590343913620003,25.038275369668501],[121.590333740942,25.038367495769702],[121.590330736715998,25.038380816853898],[121.590297177644999,25.0385296214472],[121.590279303106001,25.038572152236899],[121.590232579293001,25.0386833270219],[121.590222023701003,25.038700859491801],[121.590186273097999,25.0387602399508],[121.590117160410003,25.0388288090648],[121.589972717270996,25.0389997884389],[121.589735658015002,25.0392438919908],[121.589656896212006,25.039324993931899],[121.589604804125003,25.0393940231803],[121.589514701035995,25.039513422061798],[121.589360068972994,25.039718329974299],[121.589285427462002,25.039732274385901],[121.589266802870995,25.039735753796801],[121.588942930445995,25.040125420524099],[121.588932674947998,25.040137759362601],[121.588920088405999,25.040152256584999],[121.588858403710006,25.040223305162399],[121.588765869794997,25.040394174714301],[121.588682436164007,25.040513855496201],[121.588656638394994,25.040546550464601],[121.588646164633005,25.040559824446898]]]]}},
{"type":"Feature","properties":{"id":"南港區村里界.2","Name":null,"description":null,"timestamp":null,"begin":null,"end":null,"altitudeMode":null,"tessellate":-1,"extrude":0,"visibility":-1,"drawOrder":null,"icon":null,"AREA":292167.98797999998,"NEW":6300900010.0,"FULL":"臺北市南港區合成里","PERF_ID":63009.0,"COUN_ID":"6300900","CPID":"63009","CPTID":"6300900","CPTVID":"6300900010","NPID":63009.0,"NPTID":6300900.0,"NPTVID":6300900010.0,"PNAME":"臺北市","TNAME":"南港區","VNAME":"合成里","PTVNAME":"臺北市南港區合成里","PTNAME":"臺北市南港區","TVNAME":"南港區合成里","TM2_MAX_X":309932.614,"TM2_MAX_Y":2771570.74,"TM2_MIN_X":308532.489,"TM2_MIN_Y":2770795.97,"MAX_X":121.59398,"MAX_Y":25.05112,"MIN_X":121.58008,"MIN_Y":25.04418,"SECT_NAME":"南港區","LIE_NAME":"合成里","sn":233.0},"geometry":{"type":"MultiPolygon","coordinates":[[[[121.581923855526,25.0441683177825],[121.581923719350002,25.044168435410199],[121.581826389411006,25.044254895264501],[121.581371722057995,25.0446587832643],[121.581371718132999,25.0446587867517],[121.581371722065995,25.0446587865965],[121.580934498122005,25.0450473268411],[121.580641918344,25.045339208543801],[121.580641918460998,25.0453392346529],[121.580643111057,25.0455924484204],[121.580642842589995,25.045934688453102],[121.580642630260996,25.046205380505601],[121.580642555088005,25.0463012209642],[121.580642506136002,25.046363632379599],[121.580642745993003,25.046661728842],[121.580642746006006,25.046661737188401],[121.580643342464001,25.047048219846999],[121.580643591037997,25.047209280557901],[121.580636812595998,25.047285070043099],[121.580618355735993,25.047404185414301],[121.580535782412994,25.047540867080301],[121.580471951047997,25.047616870490099],[121.580459316857997,25.047631023106401],[121.580256723294994,25.047857964563899],[121.580190686633998,25.047972941322101],[121.580160377473007,25.048098594059301],[121.580135090268996,25.048282665425599],[121.580122251622001,25.048423317372301],[121.580114733368006,25.04850568238],[121.580113998631006,25.048519919740301],[121.580097248353994,25.048844576957901],[121.580097245868998,25.048844628616799],[121.580093811024,25.048916037283501],[121.580198686738996,25.048921843301802],[121.580411081251995,25.0489315849827],[121.580684010018004,25.048941351639499],[121.580789035733005,25.048944829832202],[121.580966256905995,25.048942316781801],[121.581402963225003,25.0489361228842],[121.581442989408998,25.0489355551844],[121.581472067213994,25.048970494000699],[121.581467450174998,25.049051713738201],[121.581481950902003,25.049127706331699],[121.582032149157996,25.049265405315499],[121.582359296800007,25.049338548659801],[121.583384011323005,25.049569063105199],[121.583788204532993,25.0496276937746],[121.583823151006996,25.049632762970798],[121.584067619185006,25.049688990431399],[121.585116036542999,25.049855672063199],[121.586118502114999,25.050016310149299],[121.586677405630994,25.050107123249798],[121.586959561759997,25.050156776427301],[121.588113021427006,25.050353673945001],[121.588930793168004,25.0504748645082],[121.589435334428003,25.0505398267149],[121.589827953764001,25.050599979146099],[121.590663041724994,25.050721452312299],[121.590883019367993,25.050753511315399],[121.592630369835007,25.051021368158398],[121.593733677925002,25.051187223507601],[121.593761823386004,25.051098355954199],[121.5938209965,25.0509028984773],[121.593950201000993,25.0505431267711],[121.594011191432998,25.050409819452],[121.593980637799007,25.0504008428296],[121.593272082224004,25.050234966205998],[121.592470093513001,25.0500472117449],[121.591170740302005,25.049743008265999],[121.590880070181996,25.049674955050701],[121.590839689139003,25.049665500876198],[121.590543417286,25.049596134017101],[121.590536821572996,25.049594589739201],[121.589746743692999,25.0494095478183],[121.589477192187999,25.0493464157909],[121.589043255210001,25.049244781729101],[121.588456589515999,25.049107374144398],[121.588166303614003,25.049039383024901],[121.587368855424003,25.048852600408502],[121.58730189101,25.0488355447057],[121.587196190629001,25.0488086229579],[121.586939222419005,25.048743173128202],[121.586885466718002,25.048729492361801],[121.586831750157003,25.0487158215339],[121.586572608070995,25.048649869733001],[121.586554489584003,25.048645258548699],[121.586240143626995,25.0485353739315],[121.586218891989006,25.0485260870311],[121.585842226826003,25.048361484775],[121.585508426226994,25.048199042099998],[121.585088767187997,25.0480083065478],[121.585115587334002,25.0479813270581],[121.585059447562003,25.047950089770499],[121.584865093370993,25.047825627882698],[121.584670018015004,25.047682218884201],[121.584493356086,25.047530444966199],[121.584392134994005,25.047434638136501],[121.584351815915994,25.047396475642699],[121.584203884065005,25.047262540342999],[121.584062289127004,25.0471168796877],[121.583920565924998,25.046941977706801],[121.583655708600006,25.046573959302201],[121.583217340969,25.045964842874799],[121.583205942640006,25.045949004676999],[121.582722177497999,25.045276799018701],[121.582617809574003,25.045131775572401],[121.582036420183002,25.044323903757601],[121.581942887376997,25.044193933663301],[121.581923857028997,25.044168316484502],[121.581923855526,25.0441683177825]]]]}},
{"type":"Feature","properties":{"id":"南港區村里界.3","Name":null,"description":null,"timestamp":null,"begin":null,"end":null,"altitudeMode":null,"tessellate":-1,"extrude":0,"visibility":-1,"drawOrder":null,"icon":null,"AREA":117639.29475,"NEW":6300900013.0,"FULL":"臺北市南港區鴻福里","PERF_ID":63009.0,"COUN_ID":"6300900","CPID":"63009","CPTID":"6300900","CPTVID":"6300900013","NPID":63009.0,"NPTID":6300900.0,"NPTVID":6300900013.0,"PNAME":"臺北市","TNAME":"南港區","VNAME":"鴻福里","PTVNAME":"臺北市南港區鴻福里","PTNAME":"臺北市南港區","TVNAME":"南港區鴻福里","TM2_MAX_X":309287.061,"TM2_MAX_Y":2770935.43,"TM2_MIN_X":308809.815,"TM2_MIN_Y":2770505.87,"MAX_X":121.58756,"MAX_Y":25.04541,"MIN_X":121.58281,"MIN_Y":25.04155,"SECT_NAME":"南港區","LIE_NAME":"鴻福里","sn":262.0},"geometry":{"type":"MultiPolygon","coordinates":[[[[121.586727927311998,25.0415851701142],[121.586571984943006,25.0415516419718],[121.586430561124004,25.041539064519601],[121.586429975060994,25.041539142711599],[121.586264642364995,25.041562141412399],[121.586264641259007,25.041562144899199],[121.586082611597007,25.041617274859199],[121.586061718159002,25.0416228011645],[121.585957173289003,25.0416340922689],[121.585930252617004,25.041628763583699],[121.585677774488005,25.041565552246102],[121.585577200510002,25.041540372042899],[121.585475570875005,25.041535328687701],[121.585026165654,25.0417901707334],[121.584557611801998,25.0420558687469],[121.584348881066006,25.042197091402802],[121.584116736468005,25.042354154646599],[121.583926148594003,25.0424963726784],[121.583542014488003,25.042786272553599],[121.583222814687005,25.043062476949501],[121.583207860599998,25.043075416711801],[121.583008524736002,25.043247901515301],[121.582854589389001,25.043376529916301],[121.582819968379994,25.043405459179102],[121.583003351939993,25.0436754847372],[121.583100192790994,25.0438138018826],[121.583207205513006,25.043961332730401],[121.583359937232999,25.044141049361599],[121.583410222609999,25.0442005606265],[121.583417961158005,25.0442097189643],[121.583426130565002,25.044219387207701],[121.583527871173004,25.044320706112298],[121.583616283509002,25.044413391372299],[121.583624538080997,25.0444220448762],[121.583776942599002,25.044532409228399],[121.583949581365005,25.044638071546199],[121.584106984711994,25.044734548889501],[121.584288164418993,25.0445072787155],[121.584566504883,25.044639476891],[121.584983318317995,25.0448374414661],[121.585147569273005,25.0448957786611],[121.585424687205006,25.0450298860248],[121.585430649450998,25.045032908755001],[121.586175792746005,25.045410677292999],[121.586421089669003,25.045024212663201],[121.586632214090002,25.0446974368176],[121.586677074452993,25.044628019166101],[121.586817886217005,25.044410124176402],[121.586782271927007,25.044337779051101],[121.586746494471996,25.044233222660601],[121.586697458992006,25.044120665644002],[121.586661566678998,25.0439919417277],[121.586639009834997,25.043883306607199],[121.586629749392998,25.0437907249284],[121.586629232090004,25.043682002772201],[121.586626543902,25.043636843324599],[121.586624439019999,25.043601482913399],[121.586641532135005,25.0434886647271],[121.586649892034004,25.043391986976101],[121.586675910530005,25.043299265978401],[121.586706319643994,25.043202492120098],[121.586734548958006,25.0431269533373],[121.586747157494997,25.0430940441329],[121.586756887424002,25.0430728808706],[121.586819691285001,25.042936278078301],[121.586867595523003,25.042811249662201],[121.586919957793,25.0426942656226],[121.586998730735999,25.042569124238401],[121.587064235642003,25.042435973237801],[121.587116721868995,25.042347174056498],[121.587164846454996,25.042266445071402],[121.587183423702001,25.042240249788101],[121.587239304944006,25.0421614530533],[121.587313724949993,25.042048408173599],[121.587366268378005,25.041971688143601],[121.587436384167006,25.041878792661699],[121.587441616391004,25.041871960459599],[121.587541557316996,25.041741458109801],[121.587351805682999,25.041705009341999],[121.586727928640997,25.041585167039202],[121.586727927311998,25.0415851701142]]]]}},
{"type":"Feature","properties":{"id":"南港區村里界.4","Name":null,"description":null,"timestamp":null,"begin":null,"end":null,"altitudeMode":null,"tessellate":-1,"extrude":0,"visibility":-1,"drawOrder":null,"icon":null,"AREA":104380.78758,"NEW":6300900012.0,"FULL":"臺北市南港區萬福里","PERF_ID":63009.0,"COUN_ID":"6300900","CPID":"63009","CPTID":"6300900","CPTVID":"6300900012","NPID":63009.0,"NPTID":6300900.0,"NPTVID":6300900012.0,"PNAME":"臺北市","TNAME":"南港區","VNAME":"萬福里","PTVNAME":"臺北市南港區萬福里","PTNAME":"臺北市南港區","TVNAME":"南港區萬福里","TM2_MAX_X":309227.176,"TM2_MAX_Y":2771215.49,"TM2_MIN_X":308719.027,"TM2_MIN_Y":2770711.86,"MAX_X":121.58698,"MAX_Y":25.04794,"MIN_X":121.58192,"MIN_Y":25.04341,"SECT_NAME":"南港區","LIE_NAME":"萬福里","sn":253.0},"geometry":{"type":"MultiPolygon","coordinates":[[[[121.582819966941997,25.043405460380701],[121.582616358547995,25.043575594808701],[121.582600654868003,25.0435887167156],[121.582421437099001,25.043738507868799],[121.582421317827993,25.043738610895701],[121.581923857028997,25.044168316484502],[121.581942887376997,25.044193933663301],[121.582036420183002,25.044323903757601],[121.582617809574003,25.045131775572401],[121.582722177497999,25.045276799018701],[121.583205942640006,25.045949004676999],[121.583217340969,25.045964842874799],[121.583655708600006,25.046573959302201],[121.583920565924998,25.046941977706801],[121.584062289127004,25.0471168796877],[121.584203884065005,25.047262540342999],[121.584351815915994,25.047396475642699],[121.584392134994005,25.047434638136501],[121.584493356086,25.047530444966199],[121.584670018015004,25.047682218884201],[121.584865093370993,25.047825627882698],[121.585059447562003,25.047950089770499],[121.585174970379995,25.047883572767802],[121.585512478810998,25.0475851086311],[121.585679142616996,25.047437724336199],[121.585865716962999,25.047279793128901],[121.585896689517995,25.047255149289999],[121.585976679260995,25.047191504019398],[121.586087663418994,25.047107846104101],[121.586239018087994,25.046996285757999],[121.5863348317,25.046917309864501],[121.586491359917005,25.046828840514099],[121.586622753613,25.0467774669881],[121.586723850892994,25.0467447023488],[121.586850334420006,25.046725713382401],[121.586970070836003,25.046355354285701],[121.586655783926005,25.0462733757408],[121.586224017282007,25.046141494334201],[121.585804002182002,25.046013200903701],[121.586175792746005,25.045410677292999],[121.585430649450998,25.045032908755001],[121.585424687205006,25.0450298860248],[121.585147569273005,25.0448957786611],[121.584983318317995,25.0448374414661],[121.584566504883,25.044639476891],[121.584288164418993,25.0445072787155],[121.584106984711994,25.044734548889501],[121.583949581365005,25.044638071546199],[121.583776942599002,25.044532409228399],[121.583624538080997,25.0444220448762],[121.583616283509002,25.044413391372299],[121.583527871173004,25.044320706112298],[121.583426130565002,25.044219387207701],[121.583417961158005,25.0442097189643],[121.583410222609999,25.0442005606265],[121.583359937232999,25.044141049361599],[121.583207205513006,25.043961332730401],[121.583100192790994,25.0438138018826],[121.583003351939993,25.0436754847372],[121.582819968379994,25.043405459179102],[121.582819966941997,25.043405460380701]]]]}},
{"type":"Feature","properties":{"id":"南港區村里界.5","Name":null,"description":null,"timestamp":null,"begin":null,"end":null,"altitudeMode":null,"tessellate":-1,"extrude":0,"visibility":-1,"drawOrder":null,"icon":null,"AREA":123966.90667,"NEW":6300900015.0,"FULL":"臺北市南港區聯成里","PERF_ID":63009.0,"COUN_ID":"6300900","CPID":"63009","CPTID":"6300900","CPTVID":"6300900015","NPID":63009.0,"NPTID":6300900.0,"NPTVID":6300900015.0,"PNAME":"臺北市","TNAME":"南港區","VNAME":"聯成里","PTVNAME":"臺北市南港區聯成里","PTNAME":"臺北市南港區","TVNAME":"南港區聯成里","TM2_MAX_X":309636.813,"TM2_MAX_Y":2771409.83,"TM2_MIN_X":309034.862,"TM2_MIN_Y":2771040.42,"MAX_X":121.59105,"MAX_Y":25.04967,"MIN_X":121.58506,"MIN_Y":25.04636,"SECT_NAME":"南港區","LIE_NAME":"聯成里","sn":235.0},"geometry":{"type":"MultiPolygon","coordinates":[[[[121.589680114022997,25.047525815362501],[121.590136591014996,25.046498712897499],[121.590150355318997,25.0464424505724],[121.589809938374003,25.046528949163601],[121.589748298022002,25.046542072999799],[121.589666036428994,25.0465439274221],[121.589007697929006,25.046553181350799],[121.588931354422996,25.0465549419913],[121.588501132836001,25.046564863698499],[121.588494305176994,25.0465650211469],[121.588295058772005,25.046549469635],[121.588195428831995,25.046541693251399],[121.587785568455004,25.046505741566701],[121.587384843959001,25.046440971754599],[121.587236319688003,25.046407531918099],[121.586970070836003,25.046355354285701],[121.586850334420006,25.046725713382401],[121.586723850892994,25.0467447023488],[121.586622753613,25.0467774669881],[121.586491359917005,25.046828840514099],[121.5863348317,25.046917309864501],[121.586239018087994,25.046996285757999],[121.586087663418994,25.047107846104101],[121.585976679260995,25.047191504019398],[121.585896689517995,25.047255149289999],[121.585865716962999,25.047279793128901],[121.585679142616996,25.047437724336199],[121.585512478810998,25.0475851086311],[121.585174970379995,25.047883572767802],[121.585059447562003,25.047950089770499],[121.585115587334002,25.0479813270581],[121.585088767187997,25.0480083065478],[121.585508426226994,25.048199042099998],[121.585842226826003,25.048361484775],[121.586218891989006,25.0485260870311],[121.586240143626995,25.0485353739315],[121.586554489584003,25.048645258548699],[121.586572608070995,25.048649869733001],[121.586831750157003,25.0487158215339],[121.586885466718002,25.048729492361801],[121.586939222419005,25.048743173128202],[121.587196190629001,25.0488086229579],[121.58730189101,25.0488355447057],[121.587368855424003,25.048852600408502],[121.588166303614003,25.049039383024901],[121.588456589515999,25.049107374144398],[121.589043255210001,25.049244781729101],[121.589477192187999,25.0493464157909],[121.589746743692999,25.0494095478183],[121.590536821572996,25.049594589739201],[121.590543417286,25.049596134017101],[121.590839689139003,25.049665500876198],[121.590880070181996,25.049674955050701],[121.590920851693994,25.049548816268398],[121.590827932009006,25.0491561975658],[121.590992157041995,25.0488872504772],[121.591041291851994,25.0487774732463],[121.590966263024995,25.048664407311499],[121.590758236225,25.048427175750501],[121.590592299557997,25.048340932173598],[121.589691035805004,25.0479529327514],[121.589676494103998,25.047950191801899],[121.589682471282003,25.047919373595299],[121.589686895558003,25.0478829732264],[121.589686688002999,25.047839585523398],[121.589674208193003,25.047793447860801],[121.589657163549006,25.047754325010899],[121.589635574194006,25.047726423936499],[121.589604615935002,25.047695689145101],[121.589680114022997,25.047525815362501]]]]}},
{"type":"Feature","properties":{"id":"南港區村里界.6","Name":null,"description":null,"timestamp":null,"begin":null,"end":null,"altitudeMode":null,"tessellate":-1,"extrude":0,"visibility":-1,"drawOrder":null,"icon":null,"AREA":284132.49816000002,"NEW":6300900014.0,"FULL":"臺北市南港區百福里","PERF_ID":63009.0,"COUN_ID":"6300900","CPID":"63009","CPTID":"6300900","CPTVID":"6300900014","NPID":63009.0,"NPTID":6300900.0,"NPTVID":6300900014.0,"PNAME":"臺北市","TNAME":"南港區","VNAME":"百福里","PTVNAME":"臺北市南港區百福里","PTNAME":"臺北市南港區","TVNAME":"南港區百福里","TM2_MAX_X":310080.035,"TM2_MAX_Y":2770529.6,"TM2_MIN_X":309205.033,"TM2_MIN_Y":2769373.91,"MAX_X":121.5954,"MAX_Y":25.04171,"MIN_X":121.58668,"MIN_Y":25.03131,"SECT_NAME":"南港區","LIE_NAME":"百福里","sn":287.0},"geometry":{"type":"MultiPolygon","coordinates":[[[[121.592157479709002,25.0312894818777],[121.592022964405999,25.031634219653899],[121.591872397675999,25.0317645879792],[121.591746027270005,25.031923604989199],[121.591653108623007,25.032123737687499],[121.591278625680005,25.032394813479701],[121.590886178418998,25.0327429686828],[121.590853519760998,25.032805418875899],[121.590807644495001,25.0328848852341],[121.590745628996999,25.033004048695901],[121.590653678357,25.033123331115501],[121.590623788816004,25.033130879962801],[121.590485155912006,25.0331611691429],[121.590341367413998,25.033250928109901],[121.590298016974003,25.033290733271102],[121.590187079890995,25.0334224862799],[121.590027174146002,25.033556907317202],[121.589883562550995,25.033683824427399],[121.589823974612003,25.0337410457381],[121.589748660604997,25.033924676410699],[121.589702738745999,25.033996703538399],[121.589642972942002,25.0340167662022],[121.589454933202006,25.034140762578499],[121.589398450093,25.034178010479199],[121.589394824810995,25.034180399224201],[121.589389524452997,25.034180627891001],[121.589298077977006,25.034266882831101],[121.589311380297005,25.034454447009701],[121.589505692588006,25.034591561050199],[121.589505692011997,25.034591563968799],[121.589505692597001,25.034591564381401],[121.589471752642993,25.0347634921741],[121.589485140853995,25.0349668736472],[121.589535551753002,25.035124898509899],[121.589550585652006,25.035154225026901],[121.589550584538003,25.035154226169801],[121.589550585660007,25.035154228358099],[121.589508587875002,25.035197341204],[121.589379934370001,25.035290533055399],[121.589224835753996,25.035566917638501],[121.589126692030007,25.035811433100999],[121.589075413322007,25.035990207929899],[121.589155340649995,25.0360916086955],[121.589267812269,25.036247130545998],[121.589326129758007,25.036502328629201],[121.589358954177996,25.036615220040002],[121.589369066868002,25.036653603119799],[121.589369066706993,25.036653605805999],[121.589369066876998,25.0366536064512],[121.589366763303005,25.036692047806099],[121.5893544658,25.036716959708201],[121.589327307052997,25.036748710583399],[121.589300115938997,25.036773690578201],[121.589295313708007,25.036807607388099],[121.589305372083004,25.036834695715498],[121.589327857924999,25.036863992691799],[121.589337872515003,25.036879770037],[121.589340447072999,25.036900108948899],[121.589340446777001,25.036900109878498],[121.589340447081,25.0369001122803],[121.589328214347006,25.036938583986501],[121.589266660085997,25.037045069668402],[121.589141237644995,25.037296473318399],[121.589064768643993,25.037400761050598],[121.589000467559998,25.037452999204199],[121.588807349123002,25.037566786191199],[121.588557198276007,25.0376966249415],[121.588423587649004,25.037792092618002],[121.588354678239,25.037921204150599],[121.588270388856998,25.038185516470499],[121.588266621665994,25.038197329497802],[121.588311905481007,25.038321464258001],[121.588311904408997,25.038321464628901],[121.588311905488993,25.038321467589601],[121.588020186639994,25.038422385992799],[121.587994618441996,25.038431231123901],[121.587793226407996,25.038836117528799],[121.587680931212006,25.0390474794442],[121.587575582830993,25.039245734188999],[121.587571491722002,25.0392534332188],[121.587566331087004,25.039273259007601],[121.587480112400002,25.0396044873678],[121.587480111890002,25.0396044890756],[121.587468308934007,25.039723284383999],[121.587444177161998,25.039724930403501],[121.587436431319006,25.0397508918767],[121.587429847831004,25.039749558479901],[121.587312975572004,25.039714461631799],[121.587210924483003,25.039717232833802],[121.587184655949997,25.039742660262199],[121.587146521258006,25.039800509081399],[121.587129199033001,25.039885847258301],[121.587070735482996,25.039999082084499],[121.587072542876001,25.0400534073374],[121.587085131250006,25.040062278773899],[121.587073856226993,25.0400928829993],[121.587075685089005,25.0401478534524],[121.587046386165994,25.040244505912],[121.587034591654003,25.0403856696107],[121.587008421849006,25.040398565717499],[121.586964277386002,25.040642921165801],[121.586983756015002,25.040671219303199],[121.586888713682995,25.040817523771],[121.586900161439999,25.040917633672201],[121.586976308163997,25.040944055180301],[121.587000928783993,25.040953335440101],[121.587000927546995,25.0409533383026],[121.587000928791994,25.040953338771899],[121.586727928640997,25.041585167039202],[121.587351805682999,25.041705009341999],[121.587541557316996,25.041741458109801],[121.587572715820002,25.041704582746199],[121.587833928205995,25.041395443527701],[121.587852649436996,25.041373287273402],[121.587855721078,25.041369652037702],[121.588218145046994,25.041027211924799],[121.588221960252,25.041023537314299],[121.588232503415,25.0410133826772],[121.588422566393007,25.040830323295499],[121.588608205252996,25.040607932473701],[121.588646164633005,25.040559824446898],[121.588656638394994,25.040546550464601],[121.588682436164007,25.040513855496201],[121.588765869794997,25.040394174714301],[121.588858403710006,25.040223305162399],[121.588920088405999,25.040152256584999],[121.588932674947998,25.040137759362601],[121.588942930445995,25.040125420524099],[121.589266802870995,25.039735753796801],[121.589285427462002,25.039732274385901],[121.589360068972994,25.039718329974299],[121.589514701035995,25.039513422061798],[121.589604804125003,25.0393940231803],[121.589656896212006,25.039324993931899],[121.589735658015002,25.0392438919908],[121.589972717270996,25.0389997884389],[121.590117160410003,25.0388288090648],[121.590186273097999,25.0387602399508],[121.590222023701003,25.038700859491801],[121.590232579293001,25.0386833270219],[121.590279303106001,25.038572152236899],[121.590297177644999,25.0385296214472],[121.590330736715998,25.038380816853898],[121.590333740942,25.038367495769702],[121.590343913620003,25.038275369668501],[121.590345466100999,25.038261310035601],[121.590351634860994,25.038205444258999],[121.590351022747001,25.038077574065198],[121.590381819317003,25.037925970848001],[121.590470341536005,25.037762501140602],[121.590663180497003,25.037625800052702],[121.590901061232998,25.0375704785782],[121.591229138531006,25.037488354841798],[121.591272671382001,25.037256929338199],[121.591375990092999,25.037079677657001],[121.591475068123003,25.036018231121002],[121.592348320271,25.035035322552201],[121.593463112064995,25.034772411835501],[121.593609953140003,25.034363732490402],[121.594024906556001,25.034008393257],[121.594513664393006,25.0335303288796],[121.595357670300004,25.033004770223201],[121.595277735056001,25.0329456139572],[121.595148287444005,25.0328440618228],[121.594967415453993,25.032774114860999],[121.594795361901006,25.032751249534201],[121.594571835994998,25.0327521440176],[121.594494429123998,25.032744599334301],[121.594399517653997,25.032674307770002],[121.594270487127005,25.032659124107202],[121.594149641534997,25.032557527655801],[121.593985763565996,25.032448257770501],[121.593873708367994,25.032385888746699],[121.593658821822999,25.0323946016874],[121.593486844541999,25.032387434230799],[121.593142436967,25.0322788752249],[121.592157479701001,25.031289478546899],[121.592157479101004,25.031289480084101],[121.592157479709002,25.0312894818777]]]]}},
{"type":"Feature","properties":{"id":"南港區村里界.7","Name":null,"description":null,"timestamp":null,"begin":null,"end":null,"altitudeMode":null,"tessellate":-1,"extrude":0,"visibility":-1,"drawOrder":null,"icon":null,"AREA":946131.33291999996,"NEW":6300900017.0,"FULL":"臺北市南港區中研里","PERF_ID":63009.0,"COUN_ID":"6300900","CPID":"63009","CPTID":"6300900","CPTVID":"6300900017","NPID":63009.0,"NPTID":6300900.0,"NPTVID":6300900017.0,"PNAME":"臺北市","TNAME":"南港區","VNAME":"中研里","PTVNAME":"臺北市南港區中研里","PTNAME":"臺北市南港區","TVNAME":"南港區中研里","TM2_MAX_X":312495.1,"TM2_MAX_Y":2771357.94,"TM2_MIN_X":311395.407,"TM2_MIN_Y":2770143.17,"MAX_X":121.61937,"MAX_Y":25.04909,"MIN_X":121.60842,"MIN_Y":25.03817,"SECT_NAME":"南港區","LIE_NAME":"中研里","sn":241.0},"geometry":{"type":"MultiPolygon","coordinates":[[[[121.615883174125003,25.038652091484501],[121.615579040989005,25.038630211103499],[121.615447600604,25.0386207546359],[121.615108672207995,25.038566924985599],[121.614878478484002,25.038490562191999],[121.614712135695001,25.038487544119299],[121.614382538930002,25.038481563465599],[121.613778749838005,25.038438873774801],[121.613644482021002,25.038429380301299],[121.613233134834999,25.0383877548275],[121.613015225091004,25.038365703403102],[121.612591797424997,25.038345358288701],[121.612398387263994,25.038368247034501],[121.612204986934998,25.038391135488901],[121.612036094285997,25.038480197136501],[121.611915150422007,25.0384806952747],[121.611806022023003,25.038425920515198],[121.611599974304994,25.038338393905502],[121.611406344895997,25.0383170993323],[121.611164064348998,25.038240771447299],[121.610666574614996,25.038248293482098],[121.610160261865005,25.0382559472101],[121.609241114585004,25.038270760076401],[121.608563963517,25.0383066767975],[121.608556916042005,25.0384448789376],[121.608512476092997,25.038773137828901],[121.608485844849,25.03897513966],[121.608487214540006,25.039252726438299],[121.608442276079998,25.0394800364334],[121.608425597562004,25.039833414781601],[121.608473234152001,25.0401528824476],[121.608474894473005,25.0404893575082],[121.608457759369998,25.0407502008891],[121.608495350344995,25.040901473242201],[121.608533439520002,25.041153676351399],[121.608516429006002,25.041439752406902],[121.608498712772004,25.041582837184102],[121.608508758959999,25.041751032422798],[121.608509132579002,25.041826739521799],[121.608537632525,25.042003282271601],[121.608547180629998,25.042070537712501],[121.608593604519996,25.042146056173301],[121.608575431567004,25.0421966060422],[121.60861264943,25.0422721622054],[121.608622312240996,25.042364650366402],[121.608604263819004,25.042440432925499],[121.608567917781997,25.042541523633499],[121.608577632069,25.042642434686499],[121.608661440356002,25.042827155860699],[121.608662270891998,25.042995397840599],[121.608662935290994,25.043129984199499],[121.608746079555999,25.043180118951401],[121.608819893082,25.043205049671101],[121.608893872845996,25.0432636359687],[121.608921760404002,25.043313988055001],[121.608949804299002,25.043397995790102],[121.608996395145994,25.043507160683301],[121.608969140612004,25.043582981012801],[121.608923463742002,25.043658876848198],[121.608942250053005,25.043734508451301],[121.608997807874005,25.0437931701974],[121.608999932,25.043807092000101],[121.609012028,25.043825893],[121.609025911,25.043892502],[121.609136649,25.0440958390001],[121.609252532,25.044234329000101],[121.609405702,25.04426871],[121.609940703,25.044275511000102],[121.610240964,25.044297832],[121.610257679,25.044299074],[121.610501794,25.04431722],[121.610576284,25.044338359],[121.610653141,25.044360169],[121.610674795,25.044366314],[121.610773908,25.04439444],[121.610800036,25.044401855],[121.610859422,25.044418707000101],[121.611088258,25.0445558360001],[121.611217387,25.044751652],[121.611284238,25.044947401],[121.611275221,25.045306454000102],[121.611279034,25.045713417000101],[121.611204214,25.0459427790001],[121.611088592,25.046116240000099],[121.61108758,25.046117758],[121.611084936,25.046121729],[121.611156368080003,25.046282697754101],[121.611185998970001,25.046686351809999],[121.611167909887996,25.046753729750598],[121.611168577135999,25.046888315978801],[121.611205798056005,25.046963871388201],[121.611298078849998,25.046997138904],[121.611491596701995,25.047013170545],[121.611519569669994,25.047080349872999],[121.611667286013997,25.047147036173399],[121.611833206718003,25.047171595066299],[121.611943679955999,25.0471543208985],[121.611954264462,25.047431878293501],[121.612239835745996,25.047439115621401],[121.612231329579998,25.0475821536902],[121.612224295581001,25.048019614788402],[121.612234074458001,25.0480603853978],[121.612280734335002,25.048254921820099],[121.612321163594004,25.048357495206002],[121.612383351248994,25.048515271614601],[121.612541331307,25.048792221155001],[121.612689291229998,25.048909380736699],[121.612892405112007,25.049001070408401],[121.612978132427997,25.0490100427584],[121.613040702507007,25.0490165914049],[121.613316084342003,25.048990907560199],[121.613619725285005,25.048922359056299],[121.614070876078998,25.048878433347799],[121.614170726555997,25.048867653053101],[121.614475973829997,25.048834696794099],[121.614790856924998,25.048812849493199],[121.614862722249995,25.048807863220102],[121.615271591227994,25.0488379345549],[121.615295826958004,25.048839716999002],[121.615775184716,25.048913430020999],[121.615804062926998,25.048920878917102],[121.616093354293,25.048995498873499],[121.616507387357004,25.0491022936198],[121.616570751078996,25.048645673722501],[121.616687994802007,25.048167066147599],[121.616916076625998,25.047546974513399],[121.616925475908005,25.047521420318699],[121.617054408197006,25.0472599586085],[121.617352051335004,25.046724104700001],[121.617428069612998,25.046587246386199],[121.617998342082004,25.045560554533601],[121.618367336866996,25.044896223482599],[121.618965358156004,25.0438195380842],[121.619149758969996,25.043487536220798],[121.61929408684,25.0433216326037],[121.619340565783006,25.043285990906099],[121.618720739715002,25.0428175207938],[121.618248057892004,25.042460259422],[121.618066013104993,25.042322667095998],[121.617760423091994,25.042091694184101],[121.617497262571007,25.041892789372199],[121.617777784968993,25.0413853707865],[121.617759907513999,25.041347753351801],[121.617759691635996,25.041304663752602],[121.617789037730006,25.041277611295801],[121.617776705683994,25.0411699498734],[121.617776354925994,25.0410999394295],[121.617829106798993,25.041035097866899],[121.617887808728995,25.040980992880002],[121.617958437938,25.040953768694202],[121.618057981196003,25.0408133308235],[121.618127719384006,25.040608385657599],[121.618260650945999,25.040069278037201],[121.618200221635007,25.039778702449599],[121.618192462623995,25.039407125400999],[121.618209556996007,25.039288571183501],[121.618209136342003,25.039282183296098],[121.618196792847996,25.039094739582101],[121.618142864145,25.038922629005501],[121.617957788745002,25.038471007182],[121.617956988442003,25.038129355917],[121.616968447538,25.038350004760499],[121.616929604850995,25.038358674554299],[121.616168605837998,25.038677098226799],[121.615883174125003,25.038652091484501]]]]}},
{"type":"Feature","properties":{"id":"南港區村里界.8","Name":null,"description":null,"timestamp":null,"begin":null,"end":null,"altitudeMode":null,"tessellate":-1,"extrude":0,"visibility":-1,"drawOrder":null,"icon":null,"AREA":5335689.9315099996,"NEW":6300900016.0,"FULL":"臺北市南港區舊莊里","PERF_ID":63009.0,"COUN_ID":"6300900","CPID":"63009","CPTID":"6300900","CPTVID":"6300900016","NPID":63009.0,"NPTID":6300900.0,"NPTVID":6300900016.0,"PNAME":"臺北市","TNAME":"南港區","VNAME":"舊莊里","PTVNAME":"臺北市南港區舊莊里","PTNAME":"臺北市南港區","TVNAME":"南港區舊莊里","TM2_MAX_X":317197.26,"TM2_MAX_Y":2770714.99,"TM2_MIN_X":312159.358,"TM2_MIN_Y":2767793.17,"MAX_X":121.66594,"MAX_Y":25.04308,"MIN_X":121.61588,"MIN_Y":25.01692,"SECT_NAME":"南港區","LIE_NAME":"舊莊里","sn":276.0},"geometry":{"type":"MultiPolygon","coordinates":[[[[121.646424384615003,25.028730189419601],[121.646419880370004,25.028666697367601],[121.646414009091004,25.028610839880098],[121.646412502090001,25.028587978631599],[121.646392868541,25.028526628807299],[121.646365314386003,25.028457034793799],[121.646354572226997,25.028432236585498],[121.646350068733994,25.028421837913498],[121.646332569921,25.028365092079099],[121.646332138879004,25.028358990669499],[121.64632094721,25.028200572073601],[121.646320947405002,25.0282005716276],[121.646320947201005,25.028200568743198],[121.646352974658001,25.028127284991101],[121.646369845148001,25.0280886893485],[121.646431638943994,25.028011755223002],[121.646492733849996,25.0279395005917],[121.646562743180993,25.027891194427099],[121.646630657079996,25.027860908112501],[121.646674518908,25.027850714306201],[121.646731611993999,25.027852470090998],[121.646898647951005,25.0278837382298],[121.646997654293997,25.027921305925801],[121.647048252047,25.027939078366799],[121.647434115140001,25.0281560730614],[121.647538505970005,25.028218886169999],[121.647737655952994,25.0283405998949],[121.647854667325007,25.0284197344745],[121.647932482472001,25.028437090043202],[121.648005349542004,25.028436772361399],[121.648053907654997,25.0284321369449],[121.648116831972999,25.028387616576602],[121.648247037586998,25.028205650119801],[121.648387288525001,25.0280855804968],[121.648522753801004,25.027978802713001],[121.648643643515001,25.0278720884194],[121.648755161834004,25.027831788426798],[121.648891138381998,25.0278223384135],[121.649007824159,25.0278395327427],[121.649095452360001,25.027874539638301],[121.649280545587999,25.027966646832201],[121.649338930149,25.027984086548301],[121.649450634608002,25.0279791747849],[121.649542802043996,25.027952229845301],[121.649630081051001,25.0279208734927],[121.649775255319994,25.0278140521478],[121.650070608023,25.027626938351201],[121.650172252155997,25.027555705598601],[121.65026928764,25.027533162614301],[121.650376169739005,25.027532694955202],[121.650497723911002,25.027554281479802],[121.650731235308001,25.027615200053202],[121.650828550783004,25.027645748842598],[121.650906609144002,25.0277073477653],[121.650955353547999,25.027738100146699],[121.651003948026002,25.0277423110016],[121.651071842795005,25.027719895129501],[121.651207398685003,25.027630809316999],[121.651309229003004,25.027594973564401],[121.651401502583994,25.027590145488102],[121.651459920510007,25.027612007917899],[121.651562301522006,25.027682347268701],[121.651664692558995,25.027752686502598],[121.651752882373003,25.027893885097701],[121.651796748549003,25.0279202348956],[121.651835609472997,25.0279200644685],[121.651874376909007,25.0279021996657],[121.651976043568993,25.027835389289798],[121.652125987166997,25.027710849984199],[121.652227653531995,25.027644039440499],[121.652358624160996,25.027608066066399],[121.652411826312004,25.027563586577699],[121.652508496912006,25.027470255611199],[121.652600489519003,25.027412334673301],[121.652663598882,25.027403210173201],[121.652726791934001,25.027411780053701],[121.652790065114999,25.027433620636199],[121.652901942688999,25.027459680410701],[121.652960210434003,25.0274550007465],[121.653008721063998,25.027441507513],[121.653115358959994,25.0273968020234],[121.653183299920997,25.0273832233507],[121.653260997987999,25.027378458177498],[121.653358206598995,25.027386878279302],[121.653416638321005,25.0274131725971],[121.653475093449003,25.027443881453902],[121.653509333439004,25.027487976868098],[121.653563074144003,25.027545257604601],[121.653636138039005,25.0275803348773],[121.653738262358999,25.0276020041881],[121.653874449246004,25.027632379991701],[121.653913427286,25.027654326971799],[121.653942788917007,25.027694020051701],[121.653996811331993,25.027804392726502],[121.654040701387999,25.027835165442902],[121.654099086513,25.027852603276902],[121.654181626414996,25.027843392617399],[121.654254258424999,25.027798826958101],[121.654278105806,25.027783356420301],[121.65430997144,25.027762686595999],[121.654355050960007,25.0277281368075],[121.654412548579998,25.027666051267499],[121.654437611155004,25.0276499163141],[121.654480212557999,25.027624540763],[121.654530422625001,25.0276082860284],[121.654568109771006,25.0276035428897],[121.654623442825994,25.027607876357902],[121.654683904343003,25.0276282208435],[121.654759460872,25.027653075973902],[121.654802217957993,25.027655180705999],[121.654834832906005,25.0276412964831],[121.654867362746998,25.027611379000401],[121.654874601198003,25.027604247196201],[121.654902375155004,25.027576882432299],[121.654929820635999,25.0275355399068],[121.654967179517996,25.027468965728399],[121.654987026157997,25.027418502343199],[121.655014449494999,25.027374866801999],[121.655039475457997,25.027351861644899],[121.655064552276997,25.027340303692199],[121.655107297083006,25.027340115294699],[121.655152631579,25.027353655999899],[121.655215672794,25.0273877204013],[121.655256071131006,25.0274196005318],[121.655304070626997,25.027462903597701],[121.655354550352996,25.027499316418599],[121.655420120662001,25.027535671704399],[121.655483101228,25.0275582888247],[121.655563606197006,25.027567097122301],[121.655679244968994,25.027564293927799],[121.655802458318007,25.027566043416702],[121.655913107756007,25.0275678392216],[121.655976017704006,25.027579018039901],[121.656137208076004,25.027628682453599],[121.656212825763006,25.027664984000701],[121.656268290620005,25.027692220161502],[121.656308579690005,25.027703489690101],[121.656366429621997,25.027707820421401],[121.656406692063996,25.0277122197772],[121.656489667464001,25.027714146396299],[121.656555043216997,25.0277138576181],[121.656615470770006,25.0277296152675],[121.656668419002997,25.027756862394899],[121.656726415191997,25.027788664364301],[121.656812295177005,25.027861564668601],[121.656842710163005,25.0279072290007],[121.656890881028005,25.027982579971798],[121.656908549273993,25.0279939493109],[121.656979021915006,25.028007378342],[121.657039461874007,25.028025428857301],[121.657092373736006,25.0280458057271],[121.657132724009003,25.028068531214501],[121.657165546133001,25.028093574046],[121.657188289070007,25.028116368340999],[121.657221147862003,25.028148290287898],[121.657304718980001,25.028260119954499],[121.657378147821007,25.028355978865001],[121.657393448099,25.0283971237351],[121.657393655516998,25.0284360512935],[121.657393655508997,25.0284360513525],[121.657393655525993,25.028436054623999],[121.657387608964001,25.028478404349698],[121.657381543013997,25.028520835412198],[121.657376717209004,25.028559782885701],[121.657392075995006,25.028610098898401],[121.657445390819007,25.0287060377056],[121.657503570716997,25.0287721898532],[121.657566649955996,25.028813132350201],[121.657604422744001,25.028824412651002],[121.657657249574001,25.028828756067401],[121.657692444591007,25.028828600325699],[121.657725169380001,25.028835325769101],[121.657757955202001,25.0288534983613],[121.657851364691993,25.028924071613499],[121.657992543261003,25.028994433326002],[121.658100897135995,25.029037468237],[121.658249481978004,25.029082608958198],[121.658415747711004,25.0291414117222],[121.658486343351001,25.029177734327799],[121.658604864693004,25.029241325569402],[121.658652694916,25.029252570058301],[121.658723107281006,25.0292545420604],[121.658748279639994,25.029259016681099],[121.658783597023003,25.029281754985],[121.658839197665998,25.029334177501699],[121.658874515085998,25.029356915783001],[121.658912285862996,25.029365911686799],[121.658970136595002,25.0293702323582],[121.659020446971994,25.029374595470699],[121.659058232259,25.0293881594088],[121.659108723819998,25.0294245798902],[121.659199605476005,25.029492870384999],[121.659222336840998,25.0295133803378],[121.659242620219999,25.029543064500899],[121.659273073235994,25.029595598395002],[121.659333807972999,25.029668599693899],[121.659397010679996,25.0297324447173],[121.659467766044997,25.0297985312389],[121.659510611933996,25.029818951889599],[121.659550936404997,25.029834806554199],[121.659654297016999,25.029887016792902],[121.659745017787003,25.0299232494562],[121.659921381665001,25.0299911690255],[121.660037228434007,25.030024996841],[121.660075023984007,25.0300385694967],[121.660140599312996,25.030077206688699],[121.660180914036999,25.030093061222399],[121.660228732403993,25.0301020031246],[121.660286679235995,25.030122356461],[121.660337100226997,25.030147320375999],[121.660478575818999,25.030272640411599],[121.660569385325999,25.030327198872399],[121.660619769666994,25.030345292593999],[121.660670151651004,25.0303610932136],[121.660748203276,25.0303813569897],[121.660818738976999,25.030406231306099],[121.660876712939,25.030433454544202],[121.660919593703994,25.0304584517867],[121.660957364957,25.030467447159499],[121.661045363517005,25.030467055768099],[121.661171121055006,25.0304733666026],[121.661233932301997,25.030463923800099],[121.661279111368998,25.030449982265999],[121.661309172713004,25.030429246760601],[121.661339172585002,25.0303970460483],[121.661376747445999,25.0303694068377],[121.661424418663003,25.030350867979699],[121.661457082664995,25.030346145442],[121.661494868553007,25.0303597177749],[121.661600683412004,25.030398175198901],[121.661673674678994,25.030411590756799],[121.661711411460004,25.030415999901201],[121.661857086935001,25.0303855861217],[121.661909806360001,25.030371610816498],[121.661932388487998,25.030362346887401],[121.662012563868004,25.030309320813402],[121.662062737143998,25.030286202473398],[121.662110395962003,25.0302653793857],[121.662218247037003,25.030245660332401],[121.662225948571006,25.030244253769599],[121.662364061033998,25.0302115801029],[121.662436990797005,25.0302135481435],[121.662791486299994,25.030207390456301],[121.662902064251,25.030195440824599],[121.663020111245999,25.030172019401299],[121.663130728484006,25.030169232774799],[121.663163306176997,25.030148476643799],[121.663499144606007,25.029945465245401],[121.663932665001994,25.0296710301375],[121.663960282825002,25.029664036502101],[121.664108633804005,25.0296633736688],[121.664183996142995,25.029651589477101],[121.664251766278994,25.0296283827373],[121.664454945808998,25.0295381702112],[121.664610395355993,25.029457325181198],[121.664638022999,25.029450331377198],[121.664658149694006,25.0294525344626],[121.664965367381996,25.029538180425298],[121.665126640194003,25.0296038591813],[121.665297933362993,25.029662631676999],[121.665471706407004,25.029714522614402],[121.665572424106998,25.0297392595185],[121.665678229720001,25.0297777140714],[121.665773801073001,25.029820114459699],[121.665860660286,25.029865749705198],[121.665865999350999,25.029814070774101],[121.665837302588997,25.029762451796],[121.665763188301995,25.029651108347998],[121.665701673826007,25.029548149535799],[121.665671752619005,25.029462455038701],[121.665653586860003,25.0293829371542],[121.665646030085,25.029286272853799],[121.665634506572999,25.0292385938045],[121.665610590951005,25.029180588134601],[121.665562136405995,25.0290941279846],[121.665521299803999,25.0290201644703],[121.665453754110999,25.028914027630702],[121.665410907332998,25.0288255832555],[121.665373667563998,25.028775464410199],[121.665274960711997,25.028658579299702],[121.665075598795994,25.028502611263299],[121.665023105977994,25.028444435440999],[121.664785983873998,25.0281011077657],[121.664774344901005,25.028031915590901],[121.664774345004005,25.0280319129301],[121.664774344891995,25.028031912260499],[121.664786711391997,25.027713857083999],[121.664888670177007,25.0269615999572],[121.665038239968993,25.026463356284602],[121.665322924408997,25.026107257389501],[121.665331453766001,25.0260297325358],[121.665331255859996,25.025993029099599],[121.665276973621005,25.0258913105917],[121.665141494279993,25.025679832700501],[121.665077739831005,25.025484356262901],[121.664945640940999,25.025068940055199],[121.664912621249002,25.024759122646],[121.664871577607002,25.024620637153401],[121.664849075348997,25.024600352725699],[121.664646882338999,25.024474820722698],[121.664278620686005,25.024276624531002],[121.664247073781993,25.024240057918998],[121.664224330188006,25.0241749056262],[121.664173342832996,25.023852935416102],[121.664127219343001,25.0236043495999],[121.664081259620005,25.023384318393902],[121.664053993975998,25.0233110340378],[121.663995411125995,25.023241961170001],[121.663959408094996,25.023209495019501],[121.663847181809999,25.023156975172199],[121.663587116574007,25.0230477607913],[121.663546741472999,25.023038750584099],[121.663534441348006,25.023034327631901],[121.663507170597995,25.023024518627299],[121.663432088906006,25.0230140472997],[121.663368818551007,25.0229963279569],[121.663262043442003,25.0229679962655],[121.663234332524993,25.022953711316202],[121.663186729564998,25.022914309103001],[121.663143157357993,25.022889297483701],[121.663083811093998,25.022867949335801],[121.663012740884,25.0228682663437],[121.662760026978006,25.0228693932958],[121.662665353492002,25.022887826112498],[121.662586502560998,25.022909781463099],[121.662373600638006,25.0229719577883],[121.662181257437993,25.023039540246199],[121.662179945608003,25.023040251238601],[121.662167195240997,25.0230471941621],[121.662123018336004,25.0230712530159],[121.661786421187003,25.0231334738661],[121.661490500073,25.023179596694],[121.661381596726997,25.023231098175],[121.661128558103997,25.023334519414],[121.660892190127001,25.023413030242899],[121.660583407765003,25.023411170781699],[121.660146244047993,25.0234131128835],[121.659920991445006,25.023404362889298],[121.659280241857005,25.0234007511478],[121.658750086102003,25.023396646572401],[121.658604461571997,25.023385095103698],[121.658395877399997,25.023373109161799],[121.658184931498994,25.023271278248899],[121.658014821083,25.023184893643599],[121.657947519366999,25.0231561486505],[121.657866182077996,25.023146821658599],[121.657708533112995,25.023147149129901],[121.657567371409002,25.023186503533999],[121.657297112094,25.023357487401],[121.657138541684006,25.023445326226501],[121.656682920186,25.023568630200302],[121.656336950685002,25.023641153977898],[121.656008612635006,25.023707153191101],[121.655824088505994,25.023665897191101],[121.655632998699005,25.023621555277298],[121.655597673700996,25.023624943086102],[121.655313504865006,25.023802566115801],[121.65514768669,25.023858159882899],[121.654888655304006,25.023978118151],[121.654808337434005,25.024012480193399],[121.654652391761005,25.024079197570501],[121.654535909998998,25.024105530460599],[121.654260341124001,25.024201329454201],[121.654259114956005,25.0242017952766],[121.654055122296995,25.0242786180631],[121.653861826314994,25.024367752781501],[121.653793752225994,25.024387669947799],[121.653736344357995,25.024387922440699],[121.653700387711993,25.0243749990771],[121.653650066753002,25.024358870754199],[121.653509639166998,25.024267944807299],[121.653315529173,25.024203399618301],[121.653031582636004,25.024113103931601],[121.652945478396006,25.0241167503026],[121.652906021665004,25.024120191735999],[121.652816340575995,25.024123853743301],[121.652766054449998,25.024114270228001],[121.652730115268,25.0241046146676],[121.652349519709006,25.024060513751898],[121.652220105443007,25.024015309939799],[121.652162628598006,25.0240024806237],[121.652047786005994,25.023999716320901],[121.651882657355998,25.023987359084899],[121.651706457703,25.0239161969875],[121.651526710848998,25.023858131727401],[121.651314814261994,25.023823102006499],[121.651210697563997,25.0238137538188],[121.651027773509,25.023827627565801],[121.650902188103998,25.023828177544001],[121.650844822311001,25.023838242116302],[121.650819877629004,25.023871041551701],[121.650805858229006,25.023933215247499],[121.650802485681993,25.023975724586499],[121.650795450122004,25.024001909368401],[121.650748975062996,25.024034812082601],[121.650666501893994,25.024044977474801],[121.650558832759003,25.0240421806208],[121.650454725779994,25.024032822835199],[121.650325432849996,25.024010511719901],[121.650181714108996,25.0239751730591],[121.650034366851003,25.023943190468501],[121.649779328848993,25.023885452317302],[121.649498527332995,25.023706842682099],[121.649307699947002,25.023580165534401],[121.649217313856994,25.023449772341198],[121.649144596349998,25.0232669939567],[121.649050572381995,25.0231268121771],[121.649000525285999,25.023098493323499],[121.648931829999,25.0230624827932],[121.648802427093003,25.022951164190498],[121.648720153867004,25.022754226303299],[121.648371196319005,25.0226338352402],[121.648180910736002,25.022487157294499],[121.647735729752995,25.022142893662199],[121.647370375096003,25.021857847504101],[121.647222133930995,25.021817280368602],[121.647049916110007,25.0216465169072],[121.646933850561993,25.021582029776798],[121.646775424533999,25.021560420086601],[121.646595451517996,25.021622638281698],[121.646319199575998,25.0216790004602],[121.646162818020997,25.021739418307501],[121.646014430354001,25.021727550482701],[121.645894937660998,25.0221951764055],[121.645836830319993,25.0224932703088],[121.645714244786006,25.022627588190801],[121.645464054786999,25.0229578703055],[121.645333142989003,25.023114459898199],[121.645295361314993,25.023157786593],[121.645132360158001,25.0232924148652],[121.644922531920997,25.023483923666799],[121.64475883211,25.023712562714898],[121.644613871160004,25.023831710477999],[121.644517910665002,25.023902273837201],[121.644317897443997,25.023988987822801],[121.644171303660002,25.0240194605867],[121.643967908426006,25.023999306739899],[121.643828654177,25.023991324369899],[121.643638598359004,25.024043868629199],[121.643378786796006,25.024227430435101],[121.643162702881,25.024348762448401],[121.643029758759994,25.024422319660601],[121.642935160535004,25.024349539181401],[121.642692552834006,25.024218166207799],[121.642375303435998,25.024092044682298],[121.642080353574002,25.024041164492999],[121.641947909356006,25.024029936988399],[121.641710836273006,25.024034635021799],[121.641524655325995,25.0238816653642],[121.641126341746002,25.0236590389705],[121.640933735271005,25.023514411013899],[121.640603954411006,25.023386191015799],[121.640066804724,25.0235085407501],[121.639833361404001,25.023538552616799],[121.639552460681003,25.023534859270999],[121.63942349973,25.023581908094901],[121.639143784420995,25.023763110658098],[121.638978108109995,25.023744232249399],[121.638835809292004,25.0237298845345],[121.638586655736006,25.0237091977124],[121.638403165181003,25.023711547716498],[121.638390953316005,25.0237106251429],[121.638194817480993,25.023724043317301],[121.637988043291998,25.0238109223259],[121.637672023893003,25.024111564503801],[121.636950044078006,25.023682482099598],[121.636616348190003,25.023630168112899],[121.636226642221999,25.0234570731769],[121.636105327555001,25.0234345890998],[121.635950007898998,25.023669818396701],[121.635900833684005,25.023719442259601],[121.635744043616,25.023877665640502],[121.635568757314005,25.02415896762],[121.635610218446999,25.024365754008201],[121.635610217649997,25.0243657533169],[121.635610218455994,25.024365757338199],[121.635478332901997,25.024251341009499],[121.635134586074003,25.0241792232043],[121.634906628272006,25.024037618319401],[121.634444225663998,25.024458120368799],[121.633961026310999,25.0247637294684],[121.633843662247003,25.024969840015299],[121.633800883898999,25.025044965619202],[121.633634412258999,25.025077869103399],[121.633360887313998,25.024913461859299],[121.633069047842994,25.0251170761161],[121.632999885969994,25.025416322910701],[121.632838773417006,25.025508985916701],[121.632465762178001,25.0256393575863],[121.631743863275005,25.025679216556899],[121.631280604731003,25.024949909924601],[121.630991815840005,25.024762568839702],[121.630798451862006,25.024473636707601],[121.630506482930997,25.023690687435199],[121.630506483055001,25.023690684461201],[121.630506482922002,25.023690684105301],[121.630524593795997,25.023256003535401],[121.630489249560995,25.0231781610591],[121.630473576636007,25.023143650383599],[121.630422459201995,25.0230310716391],[121.630328179733993,25.022369188049399],[121.630180809386999,25.022185840730899],[121.629927933979005,25.0221087302304],[121.629914809537993,25.021515485121402],[121.629777513560995,25.021327490398399],[121.629458319723,25.0211172806188],[121.629299730409002,25.020713218640999],[121.629045428693004,25.0203555590526],[121.628922651772001,25.020043331168001],[121.628430468299996,25.019576291476199],[121.628127343103998,25.019545378742201],[121.627985032427006,25.019362007698799],[121.627822988066001,25.0192707059791],[121.627696706029994,25.019262039705399],[121.627144686698998,25.019935861896698],[121.626522375582994,25.0196947212327],[121.626522376363994,25.019694718209099],[121.626522375573998,25.019694717903199],[121.626581804378006,25.019464507120201],[121.626570611144004,25.0192483910097],[121.626305267538996,25.0187022054767],[121.625961284539997,25.018579474238301],[121.625557452349994,25.0186041682888],[121.625175287586003,25.017920488319898],[121.624701068517993,25.018005268355399],[121.624074584786996,25.017788438043802],[121.623953543704999,25.017746045072901],[121.623741420664999,25.017633299847699],[121.623604818928001,25.017513322118599],[121.623449062749998,25.017341784469998],[121.623364548702,25.017063182927998],[121.623364549092997,25.017063180915599],[121.623364548693004,25.0170631795988],[121.623371907012,25.017025267292301],[121.623382910607006,25.016959787999401],[121.62337515259,25.016918491979101],[121.623337235714004,25.0168910975217],[121.623178609888996,25.016898641820301],[121.622982449727999,25.016954579795399],[121.622722623995003,25.017120970839599],[121.622583613485006,25.017240117645901],[121.622516724337004,25.017296849771501],[121.622427444129997,25.017345875424301],[121.622306084114996,25.017393319986098],[121.622147672821995,25.0174514371129],[121.622014085407002,25.017520337977],[121.621903363692994,25.017608598401399],[121.621795297648006,25.017734331864499],[121.621721152568,25.0177885571185],[121.621707003908995,25.0177983574895],[121.621346745607994,25.0178874982882],[121.620924617165002,25.018050574088999],[121.620593232963998,25.018280375015699],[121.620179829332997,25.0184608543919],[121.619705405787002,25.0184330403312],[121.619503140635004,25.0183196791724],[121.619321950341998,25.018062224389201],[121.618918273866996,25.018009286071202],[121.618564929724002,25.018209381563899],[121.617791484841007,25.018341697936499],[121.617420846235007,25.0183531684456],[121.616319079861995,25.019330967136199],[121.616026433287999,25.019679757956201],[121.615895619504997,25.0197001242949],[121.616468638962999,25.020268758784201],[121.617248164049002,25.021381194707999],[121.618271958793997,25.022967591057402],[121.618479258332002,25.0233091603662],[121.620390390199006,25.025786601088001],[121.620573014154004,25.0260288540175],[121.620695678027005,25.026370773265501],[121.620698011792996,25.0268347025651],[121.620544294807004,25.027531257456499],[121.620330159920996,25.028239105553801],[121.620103434561997,25.0288475987415],[121.620031918826001,25.0290577705935],[121.619781059030998,25.029677405173501],[121.619553551832993,25.030131251441802],[121.619458356455993,25.0304409468682],[121.619350729283994,25.030684410607901],[121.619280385693997,25.0311265601669],[121.619235282464004,25.031778468907099],[121.619081428125,25.0324332744194],[121.619136569937993,25.033800325682598],[121.618679595379007,25.034321400776001],[121.618648340255007,25.034372141085701],[121.618475963541002,25.034651980338701],[121.618081021525995,25.0355500262779],[121.617999014636993,25.036080580362501],[121.617996458125006,25.036102506879899],[121.617941029470003,25.0365779018117],[121.617938924358,25.0367760518422],[121.617933741048006,25.037263946645599],[121.617932814371002,25.037351172936098],[121.617956988442003,25.038129355917],[121.617957788745002,25.038471007182],[121.618142864145,25.038922629005501],[121.618196792847996,25.039094739582101],[121.618209136342003,25.039282183296098],[121.618209556996007,25.039288571183501],[121.618192462623995,25.039407125400999],[121.618200221635007,25.039778702449599],[121.618260650945999,25.040069278037201],[121.618127719384006,25.040608385657599],[121.618057981196003,25.0408133308235],[121.617958437938,25.040953768694202],[121.617887808728995,25.040980992880002],[121.617829106798993,25.041035097866899],[121.617776354925994,25.0410999394295],[121.617776705683994,25.0411699498734],[121.617789037730006,25.041277611295801],[121.617759691635996,25.041304663752602],[121.617759907513999,25.041347753351801],[121.617777784968993,25.0413853707865],[121.617497262571007,25.041892789372199],[121.617760423091994,25.042091694184101],[121.618066013104993,25.042322667095998],[121.618248057892004,25.042460259422],[121.618720739715002,25.0428175207938],[121.619340565783006,25.043285990906099],[121.619704972113993,25.0430065500308],[121.619816705061993,25.042920868453599],[121.619885878472004,25.042842456573901],[121.620007818584,25.0427042304065],[121.620011320925997,25.042698719479802],[121.620114823207999,25.042535858616901],[121.620210519449003,25.042385280120499],[121.620482705989005,25.041956990972199],[121.620937576706993,25.041241238186998],[121.620985432606005,25.041165934931101],[121.621638971848,25.040365761681802],[121.621872454002002,25.0401789710088],[121.622186115957007,25.040065959729901],[121.622241751223001,25.040045914452499],[121.622609505094999,25.039990070615801],[121.622631904265006,25.039982871741302],[121.622711092569006,25.039951982446201],[121.622805109235998,25.0399038812265],[121.622890766660007,25.039859631565399],[121.623016077019003,25.039786591298501],[121.623118307954996,25.039706014578599],[121.623291408198,25.039556442213399],[121.623415129820003,25.039458348863899],[121.624065324599997,25.038902883672801],[121.624472709092998,25.038554848758199],[121.624605483742997,25.038395660289801],[121.624842013548999,25.037903879012799],[121.624909858763004,25.037822663844199],[121.624967493395999,25.037775498624701],[121.625082762660995,25.037735071279201],[121.625184320461003,25.037725174999899],[121.625255104380997,25.037742860393099],[121.625819315990995,25.037937069018501],[121.626042444998006,25.037969568639902],[121.626299813081005,25.037951646876799],[121.626707794842005,25.037814597460201],[121.626787233890994,25.037675096321699],[121.627341912502004,25.037268898553599],[121.628014269399998,25.037097704869399],[121.628433053101006,25.0370745199472],[121.628659349835999,25.037024910997701],[121.629225679366996,25.036808415739099],[121.629861740341994,25.036436892544899],[121.629928596075004,25.036345137829102],[121.629998080687997,25.036141452296398],[121.630113548750003,25.0351065026641],[121.630260816534999,25.035066949538201],[121.630535005271994,25.0351636855635],[121.631419132857005,25.0354756210921],[121.631928275011006,25.035570769130299],[121.632543746541003,25.035770566324501],[121.632889976060994,25.035772017129499],[121.633311052842004,25.035853000438099],[121.633492863065001,25.035753387358501],[121.633720335904002,25.035366562474199],[121.633882810298005,25.034763361568],[121.634155953695995,25.034669876249598],[121.634328059181001,25.034681789847301],[121.634477581499993,25.034772676943899],[121.634617299935002,25.034930223058002],[121.634758797190003,25.034909612742101],[121.635099514912994,25.0346570803903],[121.635516035118997,25.0344042321336],[121.636000056572001,25.0342875017114],[121.636522529917997,25.034161495919701],[121.636879793657002,25.033984470726899],[121.636900915547997,25.033974007078701],[121.637822492590999,25.0336489119364],[121.638194176781994,25.0330913124265],[121.638676745953006,25.032775300101601],[121.639327567381002,25.032345677919299],[121.639526149082002,25.0321936232694],[121.639623852325002,25.032075171287701],[121.639804128188004,25.0319339834681],[121.640357798959002,25.031806994911999],[121.640457054913,25.031737801254899],[121.640812312215004,25.0316252530477],[121.641108543323,25.031486443545202],[121.641461478883997,25.031259230739298],[121.641948054584006,25.031191893733901],[121.642089892092997,25.031157778250702],[121.642343178676001,25.030918761005601],[121.642474393059999,25.030872770861599],[121.642582508065004,25.030834876850601],[121.642757264298993,25.0307459721962],[121.643099008183,25.030494175704099],[121.643400395377995,25.030284858149098],[121.643789715154995,25.030011439814601],[121.644068594139995,25.0297446291118],[121.644449768070004,25.029589275840699],[121.644701012005996,25.029556263340201],[121.644920045757004,25.0295675188252],[121.644969234230999,25.029573417293999],[121.645005047531996,25.029583436373201],[121.645096577979004,25.029568792998798],[121.645261464246005,25.0294785379768],[121.645435405604999,25.029412655033401],[121.645604460333004,25.029382480611101],[121.645845288979999,25.029294504118202],[121.646021287425,25.0291220095007],[121.646117313184007,25.0290576380606],[121.646357170206002,25.028928136395699],[121.646384942389005,25.0289107180573],[121.646423649547003,25.028854657659402],[121.646424837130994,25.028816554537201],[121.646428732206004,25.028761920632899],[121.646424384615003,25.028730189419601]]]]}},
{"type":"Feature","properties":{"id":"南港區村里界.9","Name":null,"description":null,"timestamp":null,"begin":null,"end":null,"altitudeMode":null,"tessellate":-1,"extrude":0,"visibility":-1,"drawOrder":null,"icon":null,"AREA":337820.30368999997,"NEW":6300900019.0,"FULL":"臺北市南港區仁福里","PERF_ID":63009.0,"COUN_ID":"6300900","CPID":"63009","CPTID":"6300900","CPTVID":"6300900019","NPID":63009.0,"NPTID":6300900.0,"NPTVID":6300900019.0,"PNAME":"臺北市","TNAME":"南港區","VNAME":"仁福里","PTVNAME":"臺北市南港區仁福里","PTNAME":"臺北市南港區","TVNAME":"南港區仁福里","TM2_MAX_X":310290.763,"TM2_MAX_Y":2770482.59,"TM2_MIN_X":309597.266,"TM2_MIN_Y":2769565.32,"MAX_X":121.59749,"MAX_Y":25.04128,"MIN_X":121.59057,"MIN_Y":25.03302,"SECT_NAME":"南港區","LIE_NAME":"仁福里","sn":292.0},"geometry":{"type":"MultiPolygon","coordinates":[[[[121.591605274461003,25.0387028245345],[121.591603400878995,25.038710489694701],[121.591600801124997,25.038717976920701],[121.591597494984001,25.03872522923],[121.591593507618001,25.038732191428299],[121.591588869373993,25.038738810528798],[121.591583615549993,25.0387450361563],[121.591577786133001,25.038750820929799],[121.591571425487004,25.038756120823699],[121.591564582019998,25.038760895502499],[121.591539115887002,25.038779240212399],[121.591502897089001,25.0388061389115],[121.591424731516994,25.038889110439602],[121.591375563739007,25.038894036815002],[121.591349706678002,25.039079398679501],[121.591300243142996,25.039433967237201],[121.591241304012001,25.039510561576101],[121.591173377100006,25.039598835838198],[121.591085917352004,25.039998501255202],[121.590965610126005,25.0400805387753],[121.590827418801993,25.040196321756401],[121.590691812480003,25.0403139270176],[121.590639490648002,25.040360360462699],[121.590625421919,25.040372845865001],[121.590609455218996,25.040446893791199],[121.590654973678994,25.040644254999599],[121.590707831280994,25.040873436769498],[121.590699926979994,25.0409979948612],[121.590699086792,25.041022004764201],[121.590700546795006,25.041045990013501],[121.590704295880002,25.041069768066698],[121.590710305513994,25.041093157958301],[121.590718529962999,25.041115981676899],[121.590721539715005,25.041122387093498],[121.590728906633998,25.0411380655197],[121.590741356555995,25.041159241414899],[121.590755784977006,25.0411793482007],[121.590772082089003,25.041198232851801],[121.590790123862007,25.0412157516439],[121.590809772987001,25.041231771247801],[121.590819280521998,25.041238582159899],[121.590844072164998,25.0412529922936],[121.590867946854004,25.041264136261901],[121.590892796825997,25.041273342164502],[121.590918432958006,25.041280539938501],[121.590944660141005,25.0412856748042],[121.590950203128003,25.041286484167799],[121.590984102885997,25.0412945233968],[121.591021754823004,25.041299600831199],[121.591050776681996,25.041300830549801],[121.591204959346996,25.0413013657238],[121.591352525931001,25.041301877783201],[121.591382921155997,25.041300185927302],[121.591411934042,25.0412954119926],[121.591444383346001,25.041286029121601],[121.591477017016999,25.041271698166899],[121.591492836585005,25.041261789616101],[121.591509394219003,25.041251418776],[121.591541681931005,25.041222815920801],[121.591564014526,25.041195101328899],[121.591581106817003,25.041165737419998],[121.591833887416001,25.040647817102801],[121.592045835704994,25.040213554186099],[121.592054351935005,25.040196105130899],[121.592069876661,25.040167947909499],[121.592088036045993,25.0401411305103],[121.592108691887006,25.040115857029001],[121.592131686977993,25.040092319810999],[121.592156846313998,25.040070697987801],[121.592183978416003,25.040051156113499],[121.592212876792999,25.0400338429125],[121.592243321511006,25.040018890147699],[121.592275080871005,25.040006411617899],[121.592307913164007,25.039996502291299],[121.592341568519998,25.039989237583502],[121.592375790803004,25.039984672782499],[121.592410319562006,25.039982842629001],[121.592433469406998,25.039983457609001],[121.592444892016005,25.039983761051399],[121.592479245049006,25.039987421060001],[121.592513117216996,25.0399937948001],[121.592546250732994,25.040002833764099],[121.592578393433996,25.040014469160401],[121.592609300697006,25.0400286124374],[121.592638737298003,25.040045155957099],[121.592666479209996,25.0400639738141],[121.592692315300994,25.040084922794101],[121.592716048941,25.0401078434639],[121.592737499505006,25.040132561384301],[121.592756503738997,25.040158888438],[121.592760525003001,25.040165169492699],[121.592919750918,25.040419933227401],[121.594926369513004,25.039902392520698],[121.594958319848999,25.039717293982999],[121.594967669609005,25.039663127728002],[121.595133224861002,25.0391444563382],[121.595383644245999,25.038798123201101],[121.595738711294999,25.038374623104701],[121.595926752756995,25.0381628215709],[121.596051584671002,25.037912913424002],[121.596301720701007,25.037509017385201],[121.596467453225003,25.037028721788499],[121.596819912073002,25.036068036657401],[121.597150625062994,25.034953953026498],[121.597275265576997,25.0346656756006],[121.597451924889995,25.0342680945887],[121.597168203459006,25.034108500511],[121.596957809928995,25.034032625898501],[121.596726419364003,25.033956826272401],[121.596473568087006,25.033785207967799],[121.596241529235002,25.033575136707999],[121.595988401379003,25.033345974171901],[121.595735820374003,25.033231897969699],[121.595357670300004,25.033004770223201],[121.594513664393006,25.0335303288796],[121.594024906556001,25.034008393257],[121.593609953140003,25.034363732490402],[121.593463112064995,25.034772411835501],[121.592348320271,25.035035322552201],[121.591475068123003,25.036018231121002],[121.591375990092999,25.037079677657001],[121.591272671382001,25.037256929338199],[121.591229138531006,25.037488354841798],[121.591293800827003,25.037513719006501],[121.591316837975995,25.037535935523099],[121.591391955725996,25.038016106817999],[121.591597573616994,25.0386491442239],[121.591600864759997,25.038656402192199],[121.591603449033002,25.0386638938649],[121.591605306768997,25.038671562225598],[121.591606423827997,25.0386793489136],[121.591606791708998,25.038687194667599],[121.591606188556,25.038696544698499],[121.591605274461003,25.0387028245345]]]]}},
{"type":"Feature","properties":{"id":"南港區村里界.10","Name":null,"description":null,"timestamp":null,"begin":null,"end":null,"altitudeMode":null,"tessellate":-1,"extrude":0,"visibility":-1,"drawOrder":null,"icon":null,"AREA":7231273.09913,"NEW":6300900018.0,"FULL":"臺北市南港區九如里","PERF_ID":63009.0,"COUN_ID":"6300900","CPID":"63009","CPTID":"6300900","CPTVID":"6300900018","NPID":63009.0,"NPTID":6300900.0,"NPTVID":6300900018.0,"PNAME":"臺北市","TNAME":"南港區","VNAME":"九如里","PTVNAME":"臺北市南港區九如里","PTNAME":"臺北市南港區","TVNAME":"南港區九如里","TM2_MAX_X":312640.431,"TM2_MAX_Y":2770203.02,"TM2_MIN_X":308303.222,"TM2_MIN_Y":2767257.11,"MAX_X":121.62076,"MAX_Y":25.03866,"MIN_X":121.57765,"MIN_Y":25.01224,"SECT_NAME":"南港區","LIE_NAME":"九如里","sn":304.0},"geometry":{"type":"MultiPolygon","coordinates":[[[[121.615895616613003,25.019700124745199],[121.615606132349001,25.019572260214701],[121.615431585888004,25.019553121298301],[121.615039804160006,25.019698739223202],[121.614798361997003,25.019381952355701],[121.614600559007997,25.019189146735101],[121.614242507455998,25.019208842325099],[121.613527486793998,25.019248171366101],[121.613247672366995,25.018886842609],[121.613128947118994,25.019130645951101],[121.612960787901002,25.0193001629927],[121.612575069285,25.019569884471199],[121.612514072082007,25.019361588974999],[121.612421024656996,25.0192874912983],[121.612208225456001,25.019248644554299],[121.612072115673001,25.0192839628006],[121.611648476127002,25.0196034920342],[121.611392873878003,25.0197286784638],[121.611033571261999,25.019829463717201],[121.610618698598003,25.019716964105299],[121.610368038632004,25.0197378550554],[121.610159534906998,25.019465613857601],[121.610098090134002,25.019167941903401],[121.609966840197004,25.019084068630701],[121.609808481192005,25.019030089824899],[121.609590430056002,25.019030984076601],[121.609160698375007,25.0192214398514],[121.608594609446001,25.0193975474333],[121.607962877147997,25.0195292327125],[121.607623888269003,25.019327037072902],[121.607285535661006,25.019253938539901],[121.606947769423996,25.019300006533001],[121.606675477400998,25.019461410224199],[121.606458558114994,25.0195899964407],[121.606140866567003,25.019283437012401],[121.605562305167993,25.019141798056701],[121.604363561119001,25.019260880387801],[121.603996413326001,25.018875061791501],[121.603769998418997,25.0182801327188],[121.603717672261993,25.017872495733599],[121.603628734810997,25.017596148268701],[121.603565102467002,25.017425163257499],[121.603496336163005,25.017255824094701],[121.603450350786005,25.017155917164001],[121.603403958981005,25.017066087129599],[121.603365080035999,25.017003148127198],[121.603320786604002,25.016943273526],[121.603289534346999,25.016908218172201],[121.603208901708996,25.016828620326901],[121.603155682741004,25.016775092467402],[121.603108522905998,25.016728753392599],[121.603070296937005,25.0167000458889],[121.603036891361,25.016680509342301],[121.602975045668998,25.016651906641499],[121.602892021442997,25.016622171013498],[121.602817327183004,25.0165979989339],[121.602752470355,25.0165756376778],[121.602733696715006,25.016565837138099],[121.602728516371997,25.0165620754006],[121.602725309410005,25.016558666783698],[121.602723669086998,25.016555504600099],[121.602723228513995,25.016552527141101],[121.602723590942006,25.0165496457351],[121.602723590977007,25.0165496456505],[121.602723590934005,25.016549642405899],[121.602726176,25.016543375511802],[121.602739255306005,25.016527342902201],[121.602796705117001,25.016469375833601],[121.602904151781004,25.0163631498854],[121.602957084303,25.016309408128599],[121.602986163487998,25.0162728531281],[121.603002201798006,25.016250046511701],[121.603007364261003,25.016242035780699],[121.603026328064999,25.016181245464701],[121.603056339082002,25.016039338760699],[121.603068999857996,25.015968074421899],[121.603070097241002,25.015955450507999],[121.603068719915001,25.015941193456499],[121.603054021630996,25.0158975665071],[121.603022497319998,25.015818915903299],[121.603017233683005,25.015808239053001],[121.603017152364998,25.0157915917219],[121.603017152372999,25.0157915917023],[121.603017152356003,25.015791588392801],[121.603042393926003,25.0157259877626],[121.603067218790997,25.015656217874799],[121.603068670569002,25.015651238056801],[121.603068073108005,25.015640454823199],[121.603058065973002,25.015614025270299],[121.603040578952005,25.015581604367899],[121.603018012074003,25.0155517860785],[121.602968662728998,25.015507387819799],[121.602896320775002,25.015459588936601],[121.602833538390996,25.015415552053099],[121.602787287303997,25.015368514016899],[121.602779851731,25.015361448140901],[121.602739515251002,25.015231138769099],[121.602716241989,25.015162132673399],[121.602708609472003,25.015155311348199],[121.602689623632003,25.015134470393502],[121.602649968722005,25.015107213041901],[121.602554895428,25.015058711652699],[121.602439454529005,25.015006672493101],[121.602221662633994,25.014915098854502],[121.602075317235006,25.014937674751501],[121.601999877951997,25.014959593286299],[121.601860704939995,25.015047060409699],[121.601604730250997,25.015201726133899],[121.601468421266006,25.015275214963001],[121.601437912654006,25.015273096678701],[121.601427260576003,25.015272357078501],[121.601381848339997,25.0152529951059],[121.601027877291997,25.015090612998701],[121.600814583727995,25.0149948391302],[121.600607222888996,25.0149087731895],[121.600461824979007,25.014851220001901],[121.600393079593999,25.014815385534099],[121.600296125216005,25.014752680174801],[121.600167135152006,25.014668716685499],[121.600068389339,25.014608383745401],[121.599987760147997,25.014573608183799],[121.599845992249001,25.014533012412102],[121.599721144311999,25.01450415691],[121.599681825949006,25.014499097297499],[121.599612479244996,25.014498483195698],[121.599560740084002,25.0144982043232],[121.599521294731005,25.0145016766601],[121.599415991710003,25.0145170967591],[121.599291023443996,25.0145491534381],[121.599103816972999,25.014608129577802],[121.599066555516004,25.014622688433299],[121.598987530323996,25.014620316459599],[121.598910058301001,25.014605208677299],[121.598764435663995,25.014560330058298],[121.598724759853994,25.014548979100802],[121.598580133172007,25.014558273448099],[121.598423561122004,25.014572337388099],[121.598264937943995,25.014584314915499],[121.598033518041007,25.014634114577898],[121.597887830093001,25.014659572682699],[121.597647236846996,25.014687163586601],[121.597608681631996,25.014688293581798],[121.597579188875997,25.0146806028784],[121.597519289719997,25.0146115535291],[121.597478500712995,25.014542787008299],[121.597238670687005,25.0144325448254],[121.597147357770993,25.0144931826635],[121.596857814756007,25.0146055975639],[121.596665461219004,25.014819611507601],[121.596573834064998,25.014815338769299],[121.596433708397001,25.014735109146301],[121.596275534949001,25.014704903823802],[121.595875665080996,25.0148761434655],[121.595651088295995,25.015118651308601],[121.595484580589996,25.015700217458001],[121.595383023036007,25.015705761116902],[121.594998891499998,25.015630190486899],[121.594507555617,25.015560184499201],[121.59431530466,25.015483844728401],[121.593860998283006,25.0148996237298],[121.593566316869996,25.014648909439799],[121.593453253066997,25.014608238091601],[121.593267061532998,25.0146192640461],[121.593137090637995,25.0145837968625],[121.592950513958996,25.0145125695948],[121.592742074105004,25.014590509077198],[121.592668748619005,25.014601084296899],[121.592363349698005,25.014773563010198],[121.591800768449005,25.014934218087799],[121.591664533558998,25.0149106554348],[121.591550716301001,25.0148284567003],[121.591413567572999,25.014612031660199],[121.591169601524001,25.014196286051099],[121.590878810394997,25.0142663167676],[121.590855496030002,25.0141355481137],[121.590796903748,25.014096527057699],[121.590746583338998,25.014071782542299],[121.590678650116004,25.014045582241799],[121.590601144157006,25.0140458901203],[121.590501095573998,25.01405805101],[121.590378419971998,25.014064424428099],[121.590297656025996,25.014058858808198],[121.590268470924997,25.014032504482898],[121.590193660509996,25.013921034418399],[121.590118972547998,25.013833081849299],[121.590005639368002,25.013768827697401],[121.589908694287004,25.013754505681899],[121.589802219502999,25.013757067712],[121.58964629882,25.013845312194501],[121.589538230138004,25.013881347273301],[121.589457136963006,25.0138980997957],[121.589333855524998,25.0138958439532],[121.589179237530004,25.013862709918001],[121.589057133140997,25.013814352045799],[121.588979057813006,25.013799124087601],[121.588908272270999,25.0137771954995],[121.588837434561995,25.013746401555402],[121.588805676472006,25.013730981045999],[121.588661192759005,25.013589469932999],[121.588599945295002,25.013525324460701],[121.588546167638,25.0134922329154],[121.588485205330997,25.013485811513299],[121.588370614286006,25.013479611332301],[121.588280448334999,25.013484409883699],[121.588209790690001,25.0134913430769],[121.588131630399005,25.013456135964901],[121.588055855109999,25.013412026764701],[121.587967998869999,25.0133879533652],[121.587856705959993,25.0133877433876],[121.587521835345001,25.013449338091],[121.587431683681999,25.013344698230298],[121.587365363502997,25.013315790642402],[121.587324747143995,25.0133042868584],[121.587277749082006,25.013296690324001],[121.587235039662005,25.013292976948598],[121.587190264182993,25.0133048179969],[121.587147646519995,25.013322482622002],[121.587096554083999,25.013351853947],[121.587034828311999,25.013389040374001],[121.586974267461997,25.013402433303501],[121.586934545112001,25.013424762961201],[121.586885908021003,25.013435030227399],[121.586837242214997,25.013439257835302],[121.586790728218006,25.013431370339699],[121.586730880901001,25.0134114559309],[121.586673339000995,25.013409660697501],[121.586591444747995,25.0134079705423],[121.586447580034999,25.0134045115174],[121.586241812130993,25.01341136269],[121.586075814275006,25.013407990567199],[121.585920902457005,25.0134065878268],[121.585821313227996,25.013406980225501],[121.585723204830003,25.0134208726673],[121.584993321043001,25.013117370529599],[121.584909892265998,25.013143067521401],[121.584849766399998,25.013137462884298],[121.584768056355998,25.013130697239799],[121.584690179692998,25.013113290475602],[121.584637504301995,25.013076293050201],[121.584575022923005,25.013025169164901],[121.584419288087005,25.0129921248129],[121.584337553034004,25.012980050541302],[121.584285043958005,25.012980256882699],[121.584238370324002,25.0129804402773],[121.584176200762002,25.0129930800348],[121.584077160511995,25.0130235866419],[121.583997719180999,25.013085894215301],[121.583968635627002,25.013103721451799],[121.583932267955007,25.0131253058683],[121.583810250427007,25.01310521912],[121.583683705658004,25.013081042284401],[121.583432933419004,25.013045011497599],[121.583170866908006,25.013009024581599],[121.583130139437003,25.012990676825801],[121.583095887525005,25.012908547645701],[121.582864475848993,25.0127593366776],[121.582736956637007,25.012725909105399],[121.582523526754997,25.0127087525014],[121.582270705229007,25.012716947111201],[121.581883610564006,25.0127364553097],[121.581460422960006,25.012644544129099],[121.581214655378005,25.012545347877101],[121.580865039971997,25.0123097730376],[121.580685871187995,25.012230124892799],[121.580672580574003,25.012224216636898],[121.580623543634005,25.012248494941701],[121.580376715859998,25.012241712475099],[121.580179179533005,25.012323826020801],[121.579935011708997,25.012366596406299],[121.579809744675998,25.012380013070398],[121.579706082018006,25.012445355967198],[121.579627628268994,25.012545376554701],[121.579616749227,25.012551585115901],[121.579488947551994,25.0126245152323],[121.579332046011004,25.012737263858501],[121.579334132913004,25.0127829795425],[121.579334132778996,25.012782979761301],[121.579334132921005,25.0127829828713],[121.579312610306005,25.012818149704501],[121.579173002979005,25.0128096925881],[121.578946555618998,25.012892007401899],[121.578843921539004,25.0129339088972],[121.578691254326003,25.013013886726601],[121.578397116168006,25.013110674280501],[121.578230767449,25.013199407896298],[121.578164746766006,25.013206489822299],[121.578075183612995,25.0133697220312],[121.578013645511007,25.013475101871901],[121.577918756299994,25.0136096906487],[121.577835698563007,25.013772220325102],[121.577771102455998,25.013920766001998],[121.577736856155994,25.014029687005799],[121.577662422453997,25.014105781552299],[121.577767746424996,25.014111872328101],[121.577873768277001,25.014133046369299],[121.577930634997998,25.014233948468299],[121.577970959213005,25.014280511855102],[121.578035043344002,25.014361208177299],[121.578225027797998,25.014584346894999],[121.578268738979006,25.0147278491782],[121.578293481463007,25.014785586590801],[121.578369015874998,25.0148338094927],[121.578434049476002,25.015028219159301],[121.578472361538005,25.015098518150499],[121.578576908960002,25.0152903522612],[121.578576908437995,25.015290354615299],[121.578576908968998,25.015290355590299],[121.578558638903999,25.015372614808498],[121.578659305867006,25.0153947930025],[121.578704478603996,25.015399718031802],[121.578906989092005,25.015614356806498],[121.578996236403,25.015635071707798],[121.579067973457995,25.0157607064207],[121.579088179143994,25.015776282347499],[121.579117630507,25.015764765221199],[121.579163115398003,25.015741160283799],[121.579225072119996,25.015756654804701],[121.579227506196005,25.015808755173101],[121.579330289884993,25.0158658181949],[121.579330289321007,25.0158658212059],[121.579330289894003,25.015865821524098],[121.579322915356002,25.015905155630001],[121.579436312926006,25.016038851752899],[121.579436312585003,25.016038854670501],[121.579436312934007,25.016038855082002],[121.579433036671006,25.016066905981301],[121.579511699611999,25.016148212511901],[121.579511698242001,25.016148214416599],[121.579511699619999,25.016148215841],[121.579481126934994,25.016190728704402],[121.579568672475006,25.0162733447705],[121.579588624188005,25.016323426783998],[121.579636327299994,25.016335428671201],[121.579705517258006,25.016462779279301],[121.579818632195,25.016508570784399],[121.579836048249007,25.01655456392],[121.579902025072002,25.016594734158701],[121.579916478450002,25.0167672126362],[121.579948035369,25.016826340563401],[121.579968486216003,25.016875057337899],[121.580126175052996,25.016979429189899],[121.580268639809006,25.017000359963699],[121.580323842680002,25.0170711951619],[121.580712580576005,25.0172442885751],[121.580798972283006,25.0173295188489],[121.580966683059998,25.017493634294201],[121.581023396448003,25.017599930466499],[121.581055748438999,25.0176605667227],[121.581168904804002,25.017771638739699],[121.581277923347002,25.0177466923951],[121.581359913322999,25.017784930552502],[121.581387783598998,25.017822630983002],[121.581445298776003,25.0178099112557],[121.581499876910996,25.017865689674402],[121.581551529541002,25.0179608507793],[121.581567314479997,25.018003153912002],[121.581622324172002,25.018150577875101],[121.581673790855007,25.018246182032101],[121.581785659844002,25.018306710624199],[121.581961141256002,25.0183321509503],[121.582162111768,25.018354593261201],[121.582283360305993,25.0183744405334],[121.582375998025,25.018411814862301],[121.582551931842005,25.018533058211901],[121.582680072119004,25.018663200724401],[121.582779269029004,25.018738295296298],[121.582785526319995,25.018712143638702],[121.582880407805007,25.018691648183999],[121.582924053398997,25.018658244866899],[121.582991417795,25.018630932731099],[121.583172208692005,25.018605640333],[121.583253216773997,25.018607778172498],[121.583377225473001,25.018567956474701],[121.583458115588996,25.018543046678801],[121.583552535034002,25.018525468665999],[121.583587965641001,25.018596632994601],[121.583601760600004,25.018658041690301],[121.583615731647001,25.018758784831],[121.583805070797993,25.0188293448374],[121.583810575230004,25.018851450929201],[121.583810574953006,25.0188514531126],[121.583810575238005,25.018851454258598],[121.583802771226999,25.018912947747999],[121.583732583097998,25.019061779622898],[121.583731113376004,25.019176294188199],[121.583738348314995,25.019268919906899],[121.583745152611996,25.019289332653798],[121.583923145729997,25.019351053459602],[121.583952146865997,25.019407644613501],[121.583952146705997,25.019407647613601],[121.583952146875006,25.019407647943002],[121.583948533861999,25.019475390426699],[121.583935402023002,25.019554109612201],[121.583965314835993,25.019598246856098],[121.583989863209993,25.019649781736899],[121.583989862948002,25.019649784496998],[121.583989863219003,25.019649785066399],[121.583984719309996,25.0197038922073],[121.583974549700997,25.019839151886998],[121.583985742956003,25.019920241618902],[121.583994140203998,25.019984136118399],[121.584040625331994,25.020106879168701],[121.584067973515999,25.0201805307344],[121.584122064948005,25.0201999902872],[121.584211481330001,25.020266013004999],[121.584282144789995,25.020364086654698],[121.584342100003994,25.020479400755999],[121.584369366939995,25.020535836125699],[121.584399829478997,25.0206979861814],[121.584433474285007,25.020960921661501],[121.584444949263997,25.021103474267299],[121.584444949152001,25.021103476088701],[121.584444949273006,25.021103477596998],[121.584439933596997,25.0211846322117],[121.584388965664999,25.0212536713003],[121.584332774158,25.021362075053698],[121.584311465883999,25.021423620819899],[121.584322730964004,25.021521916336301],[121.584355432950005,25.0215857062332],[121.584409781155998,25.0216592515768],[121.584472047953,25.0216934306466],[121.584572067479996,25.0217176206855],[121.584620864582007,25.021759228558],[121.584770124013005,25.0219184466063],[121.584878831188007,25.022065536908698],[121.584957903979003,25.022227486508701],[121.58499690379,25.0224805691917],[121.584996903589001,25.022480571158901],[121.584996903798995,25.022480572521498],[121.584986581837995,25.022581409888701],[121.584995375915,25.022728891075499],[121.585015084847996,25.022898459155002],[121.585018304293996,25.023009075917098],[121.585018304217002,25.023009076300902],[121.585018304303006,25.023009079247],[121.584994569269,25.023127185015301],[121.585016506711,25.023198400696],[121.585026135489002,25.023258682785301],[121.585042954334,25.0233639732377],[121.585043330968006,25.023366336918599],[121.585043546635006,25.023367687123201],[121.585077620625,25.023459440256399],[121.585077947372994,25.023528358916501],[121.585077947366003,25.023528358957101],[121.585077947382004,25.023528362246399],[121.585058873978994,25.023643298965698],[121.585093213969998,25.023791203948701],[121.585124544614999,25.023895733489301],[121.585178479255006,25.024038461889599],[121.585257819852998,25.024216823158199],[121.585272409016994,25.024336730102601],[121.585326319836994,25.024474357696],[121.585382889477003,25.024581333682001],[121.585475851368997,25.0246754097086],[121.585582799557997,25.0247643297417],[121.585631467183006,25.024826123349001],[121.585658949489002,25.024861017780498],[121.585715301573998,25.024922059903901],[121.585836500645996,25.025059413100799],[121.585862006011993,25.025118021806499],[121.585921683509,25.0252888044086],[121.585950405131996,25.025434186795898],[121.586006767491995,25.025495219729802],[121.586136212175006,25.025599362170801],[121.586245929303999,25.025680605988299],[121.586316338811002,25.0257492481852],[121.586358984371003,25.025874154167401],[121.586472634212996,25.0261927650762],[121.586515352872993,25.026332982236099],[121.586535675288999,25.026480943521602],[121.586624062794996,25.026791998201201],[121.586745206326,25.026919149139601],[121.586821504203996,25.027046468008798],[121.586942585263003,25.027158307501701],[121.587192691029003,25.0272874946358],[121.587434757199006,25.027490733835901],[121.587614805360005,25.027625306969],[121.587752809660003,25.0277574912147],[121.587854190361,25.0278540782626],[121.588042810054006,25.028021803944601],[121.588164404148998,25.028240830009299],[121.588243739725996,25.028416643603698],[121.588320088781998,25.028554172126501],[121.588387514364996,25.028584537272302],[121.588538985735994,25.0286043589145],[121.588665349292995,25.028647247120301],[121.588819783260007,25.028700234696601],[121.588885826991998,25.028760749630099],[121.588892251150995,25.028765581248098],[121.588920235008004,25.028786623005399],[121.588968720202999,25.028768221370701],[121.589046243935996,25.028848561398299],[121.589106526410006,25.028908151121801],[121.589152421302003,25.0289469882795],[121.589229721623994,25.028980500780499],[121.589304143456999,25.029008824517799],[121.589358594502002,25.029042427547601],[121.589396005525998,25.029099507774198],[121.589425069268003,25.0292034403762],[121.589482510867995,25.029265650301902],[121.589591254214,25.029301637961598],[121.589719980902998,25.0293349461821],[121.589828799002007,25.0293865428043],[121.589992083553,25.029476942210199],[121.590063741726993,25.029526077071299],[121.590155455403007,25.029585541559399],[121.590175734862001,25.029642698632099],[121.590224782730999,25.0297439516327],[121.590290783537995,25.0298035181447],[121.590362402203993,25.029842261770099],[121.590448361553001,25.029893939696599],[121.590619545817006,25.029843840167999],[121.590696772350995,25.0298617427488],[121.590872893310006,25.029969342673802],[121.591170319137007,25.030002403137502],[121.591338862585999,25.030085657011099],[121.591612989186999,25.030361762076701],[121.591654859673,25.030645905490498],[121.591868174553994,25.030884370594499],[121.592099594161994,25.031118736750599],[121.592157479701001,25.031289478546899],[121.593142436967,25.0322788752249],[121.593486844541999,25.032387434230799],[121.593658821822999,25.0323946016874],[121.593873708367994,25.032385888746699],[121.593985763565996,25.032448257770501],[121.594149641534997,25.032557527655801],[121.594270487127005,25.032659124107202],[121.594399517653997,25.032674307770002],[121.594494429123998,25.032744599334301],[121.594571835994998,25.0327521440176],[121.594795361901006,25.032751249534201],[121.594967415453993,25.032774114860999],[121.595148287444005,25.0328440618228],[121.595277735056001,25.0329456139572],[121.595357670300004,25.033004770223201],[121.595735820374003,25.033231897969699],[121.595988401379003,25.033345974171901],[121.596241529235002,25.033575136707999],[121.596473568087006,25.033785207967799],[121.596726419364003,25.033956826272401],[121.596957809928995,25.034032625898501],[121.597168203459006,25.034108500511],[121.597451924889995,25.0342680945887],[121.597656026479001,25.034431854282399],[121.597912077916007,25.034598663773401],[121.598116706726998,25.034691081446699],[121.598311139377003,25.034783539886099],[121.598566639555003,25.034838466463199],[121.598924369236002,25.034920940304801],[121.599241364441994,25.035022229391402],[121.599588979347004,25.035123394245701],[121.599916262807,25.035243292199802],[121.600223224824006,25.035381923345501],[121.600601914855005,25.035576210430499],[121.601226321846994,25.0359093642166],[121.601707574298999,25.036196474516501],[121.602096758593007,25.0364466526424],[121.602447742300996,25.0366641136869],[121.602775532791,25.036872170520098],[121.603163270848995,25.037014196312601],[121.603696195173001,25.037166681534199],[121.604131977774998,25.037242235090599],[121.604214745839997,25.0372502933301],[121.604567598421994,25.037284646274099],[121.605015156047003,25.037293874856299],[121.605366338924995,25.037380810447701],[121.605656991597996,25.0374569507125],[121.605851205822006,25.037599758103699],[121.606154230035997,25.037731080155901],[121.606856916511006,25.0379712272013],[121.607498975506005,25.038178477039001],[121.608044162732995,25.0383640380754],[121.608189414191997,25.038385535069501],[121.608334546818,25.038384940933099],[121.608563963517,25.0383066767975],[121.609241114585004,25.038270760076401],[121.610160261865005,25.0382559472101],[121.610666574614996,25.038248293482098],[121.611164064348998,25.038240771447299],[121.611406344895997,25.0383170993323],[121.611599974304994,25.038338393905502],[121.611806022023003,25.038425920515198],[121.611915150422007,25.0384806952747],[121.612036094285997,25.038480197136501],[121.612204986934998,25.038391135488901],[121.612398387263994,25.038368247034501],[121.612591797424997,25.038345358288701],[121.613015225091004,25.038365703403102],[121.613233134834999,25.0383877548275],[121.613644482021002,25.038429380301299],[121.613778749838005,25.038438873774801],[121.614382538930002,25.038481563465599],[121.614712135695001,25.038487544119299],[121.614878478484002,25.038490562191999],[121.615108672207995,25.038566924985599],[121.615447600604,25.0386207546359],[121.615579040989005,25.038630211103499],[121.615883174125003,25.038652091484501],[121.616168605837998,25.038677098226799],[121.616929604850995,25.038358674554299],[121.616968447538,25.038350004760499],[121.617956988442003,25.038129355917],[121.617932814371002,25.037351172936098],[121.617933741048006,25.037263946645599],[121.617938924358,25.0367760518422],[121.617941029470003,25.0365779018117],[121.617996458125006,25.036102506879899],[121.617999014636993,25.036080580362501],[121.618081021525995,25.0355500262779],[121.618475963541002,25.034651980338701],[121.618648340255007,25.034372141085701],[121.618679595379007,25.034321400776001],[121.619136569937993,25.033800325682598],[121.619081428125,25.0324332744194],[121.619235282464004,25.031778468907099],[121.619280385693997,25.0311265601669],[121.619350729283994,25.030684410607901],[121.619458356455993,25.0304409468682],[121.619553551832993,25.030131251441802],[121.619781059030998,25.029677405173501],[121.620031918826001,25.0290577705935],[121.620103434561997,25.0288475987415],[121.620330159920996,25.028239105553801],[121.620544294807004,25.027531257456499],[121.620698011792996,25.0268347025651],[121.620695678027005,25.026370773265501],[121.620573014154004,25.0260288540175],[121.620390390199006,25.025786601088001],[121.618479258332002,25.0233091603662],[121.618271958793997,25.022967591057402],[121.617248164049002,25.021381194707999],[121.616468638962999,25.020268758784201],[121.615895619504997,25.0197001242949],[121.615895616613003,25.019700124745199]]]]}},
{"type":"Feature","properties":{"id":"南港區村里界.11","Name":null,"description":null,"timestamp":null,"begin":null,"end":null,"altitudeMode":null,"tessellate":-1,"extrude":0,"visibility":-1,"drawOrder":null,"icon":null,"AREA":1716240.5312600001,"NEW":6300900002.0,"FULL":"臺北市南港區中南里","PERF_ID":63009.0,"COUN_ID":"6300900","CPID":"63009","CPTID":"6300900","CPTVID":"6300900002","NPID":63009.0,"NPTID":6300900.0,"NPTVID":6300900002.0,"PNAME":"臺北市","TNAME":"南港區","VNAME":"中南里","PTVNAME":"臺北市南港區中南里","PTNAME":"臺北市南港區","TVNAME":"南港區中南里","TM2_MAX_X":312145.332,"TM2_MAX_Y":2772037.06,"TM2_MIN_X":310571.944,"TM2_MIN_Y":2769973.82,"MAX_X":121.61593,"MAX_Y":25.05524,"MIN_X":121.60025,"MIN_Y":25.03667,"SECT_NAME":"南港區","LIE_NAME":"中南里","sn":209.0},"geometry":{"type":"MultiPolygon","coordinates":[[[[121.615775184716,25.048913430020999],[121.615295826958004,25.048839716999002],[121.615271591227994,25.0488379345549],[121.614862722249995,25.048807863220102],[121.614790856924998,25.048812849493199],[121.614475973829997,25.048834696794099],[121.614170726555997,25.048867653053101],[121.614070876078998,25.048878433347799],[121.613619725285005,25.048922359056299],[121.613316084342003,25.048990907560199],[121.613040702507007,25.0490165914049],[121.612978132427997,25.0490100427584],[121.612892405112007,25.049001070408401],[121.612689291229998,25.048909380736699],[121.612541331307,25.048792221155001],[121.612383351248994,25.048515271614601],[121.612321163594004,25.048357495206002],[121.612280734335002,25.048254921820099],[121.612234074458001,25.0480603853978],[121.612224295581001,25.048019614788402],[121.612231329579998,25.0475821536902],[121.612239835745996,25.047439115621401],[121.611954264462,25.047431878293501],[121.611943679955999,25.0471543208985],[121.611833206718003,25.047171595066299],[121.611667286013997,25.047147036173399],[121.611519569669994,25.047080349872999],[121.611491596701995,25.047013170545],[121.611298078849998,25.046997138904],[121.611205798056005,25.046963871388201],[121.611168577135999,25.046888315978801],[121.611167909887996,25.046753729750598],[121.611185998970001,25.046686351809999],[121.611156368080003,25.046282697754101],[121.611084936,25.046121729],[121.61108758,25.046117758],[121.611088592,25.046116240000099],[121.611204214,25.0459427790001],[121.611279034,25.045713417000101],[121.611275221,25.045306454000102],[121.611284238,25.044947401],[121.611217387,25.044751652],[121.611088258,25.0445558360001],[121.610859422,25.044418707000101],[121.610800036,25.044401855],[121.610773908,25.04439444],[121.610674795,25.044366314],[121.610653141,25.044360169],[121.610576284,25.044338359],[121.610501794,25.04431722],[121.610257679,25.044299074],[121.610240964,25.044297832],[121.609940703,25.044275511000102],[121.609405702,25.04426871],[121.609252532,25.044234329000101],[121.609136649,25.0440958390001],[121.609025911,25.043892502],[121.609012028,25.043825893],[121.608999932,25.043807092000101],[121.608997807874005,25.0437931701974],[121.608942250053005,25.043734508451301],[121.608923463742002,25.043658876848198],[121.608969140612004,25.043582981012801],[121.608996395145994,25.043507160683301],[121.608949804299002,25.043397995790102],[121.608921760404002,25.043313988055001],[121.608893872845996,25.0432636359687],[121.608819893082,25.043205049671101],[121.608746079555999,25.043180118951401],[121.608662935290994,25.043129984199499],[121.608662270891998,25.042995397840599],[121.608661440356002,25.042827155860699],[121.608577632069,25.042642434686499],[121.608567917781997,25.042541523633499],[121.608604263819004,25.042440432925499],[121.608622312240996,25.042364650366402],[121.60861264943,25.0422721622054],[121.608575431567004,25.0421966060422],[121.608593604519996,25.042146056173301],[121.608547180629998,25.042070537712501],[121.608537632525,25.042003282271601],[121.608509132579002,25.041826739521799],[121.608508758959999,25.041751032422798],[121.608498712772004,25.041582837184102],[121.608516429006002,25.041439752406902],[121.608533439520002,25.041153676351399],[121.608495350344995,25.040901473242201],[121.608457759369998,25.0407502008891],[121.608474894473005,25.0404893575082],[121.608473234152001,25.0401528824476],[121.608425597562004,25.039833414781601],[121.608442276079998,25.0394800364334],[121.608487214540006,25.039252726438299],[121.608485844849,25.03897513966],[121.608512476092997,25.038773137828901],[121.608556916042005,25.0384448789376],[121.608563963517,25.0383066767975],[121.608334546818,25.038384940933099],[121.608189414191997,25.038385535069501],[121.608044162732995,25.0383640380754],[121.607498975506005,25.038178477039001],[121.606856916511006,25.0379712272013],[121.606154230035997,25.037731080155901],[121.605851205822006,25.037599758103699],[121.605656991597996,25.0374569507125],[121.605366338924995,25.037380810447701],[121.605015156047003,25.037293874856299],[121.604567598421994,25.037284646274099],[121.604214745839997,25.0372502933301],[121.604131977774998,25.037242235090599],[121.603696195173001,25.037166681534199],[121.603163270848995,25.037014196312601],[121.602775532791,25.036872170520098],[121.602447742300996,25.0366641136869],[121.601677256412998,25.038350540617301],[121.601566626421999,25.038695993203699],[121.601345384457005,25.039386898036199],[121.601265029087998,25.0396576295696],[121.601184809773997,25.039956338241701],[121.601145190091003,25.040208262068699],[121.601064152015994,25.040339125617301],[121.600800603322,25.0407318166896],[121.600709993669994,25.040993272487501],[121.600528172938994,25.041394958519799],[121.600335952614003,25.041759391732299],[121.600421623588005,25.042579590231099],[121.600464368735999,25.042971042482598],[121.600456295930002,25.0434093206187],[121.600448041475005,25.043810304858301],[121.600389003876998,25.044267440742502],[121.600340173112997,25.044724544362602],[121.600290897850002,25.045088390670902],[121.600309232384006,25.046757391938101],[121.600340545516005,25.0468971359082],[121.600454309685006,25.047195059895898],[121.600557594441995,25.0474370797501],[121.600732306026998,25.047669484771099],[121.600865996726,25.047864751896899],[121.600948539822994,25.048041583048501],[121.601114045859006,25.048479158554098],[121.601310221245001,25.048925944609401],[121.601392639129003,25.049074798273999],[121.601485027373002,25.049176991038099],[121.601690241800995,25.049278266321],[121.602314685403996,25.049630318304601],[121.602611373974995,25.049759749729098],[121.602867405379996,25.049926676251101],[121.603235731265002,25.0500931372707],[121.603532284804999,25.0501945716181],[121.603777333638007,25.050202910631398],[121.604042579034001,25.0501645105401],[121.604287353318995,25.0501168583388],[121.604542426555994,25.050087824639402],[121.604797408099003,25.050040130057099],[121.605042054349994,25.0499644904252],[121.605347981834996,25.0498979265504],[121.605898600100005,25.049765046731899],[121.606296644178002,25.0497447526553],[121.606562015560002,25.049734343312601],[121.606827708408005,25.049789240525001],[121.607062926468004,25.049872257549801],[121.607226717732999,25.0499649011388],[121.607261231536,25.050013986486402],[121.607298686666994,25.050067254921601],[121.607360668042006,25.0502162970269],[121.607361265753994,25.050337594384601],[121.606841738935003,25.050563665703901],[121.606578146844001,25.050937985777001],[121.605764488760997,25.051557158475202],[121.605186168470993,25.0518970000062],[121.605071242834001,25.052465914613599],[121.604991601169999,25.052860161909798],[121.606480564617002,25.053072921559199],[121.608546908221996,25.0533385967675],[121.609310846004007,25.053436810829499],[121.611433096750005,25.053737184585799],[121.611883352514994,25.053800907644799],[121.612506139952004,25.053890811852],[121.613087958963007,25.053974801889002],[121.613229421930001,25.053995533588399],[121.613395051793006,25.054019514605901],[121.613736376410003,25.0540692112701],[121.613852986338998,25.054086188771901],[121.613929338925999,25.054097305115501],[121.614474874650995,25.054176731568099],[121.614805894984997,25.0542249258914],[121.614923090887999,25.054241987235699],[121.614920476265993,25.054269648304899],[121.614875892442996,25.054677851394398],[121.614811342436994,25.054979697509999],[121.615235250961007,25.055007427299099],[121.615237356879007,25.055238660624902],[121.615578281237006,25.0552126196153],[121.615563234408995,25.0550118190116],[121.615792280289995,25.054955311428699],[121.615753684610993,25.054724698867499],[121.615696975602006,25.054613817904698],[121.615687118975004,25.054515571414999],[121.615747912103998,25.0541962714207],[121.615755522406005,25.054156300187099],[121.615740592183002,25.053976877292602],[121.615638444539002,25.053203776390799],[121.615667674519003,25.0530869984342],[121.615670568336,25.053075437206399],[121.615692101449994,25.052973364844298],[121.615737409077994,25.052758594780801],[121.615756817163003,25.0527189926277],[121.615932140509003,25.052379668117201],[121.615836545188003,25.0521759544548],[121.615787483462995,25.0519075779237],[121.615691919789995,25.051729162767899],[121.615651229641003,25.0510678939374],[121.615647010299995,25.051031710377298],[121.615632460011,25.050908551046],[121.615590387854994,25.050713560420299],[121.615583589558995,25.0506820524906],[121.615559236535006,25.0505862403684],[121.615544110550999,25.050425000482701],[121.615538892524,25.050271115670501],[121.615547319748998,25.0501110940111],[121.615599094106997,25.049962649345499],[121.615684068072994,25.049770480052199],[121.615740369403994,25.049574060039301],[121.615757593544004,25.049199066414999],[121.615775184716,25.048913430020999]]]]}},
{"type":"Feature","properties":{"id":"南港區村里界.12","Name":null,"description":null,"timestamp":null,"begin":null,"end":null,"altitudeMode":null,"tessellate":-1,"extrude":0,"visibility":-1,"drawOrder":null,"icon":null,"AREA":411929.49029,"NEW":6300900001.0,"FULL":"臺北市南港區南港里","PERF_ID":63009.0,"COUN_ID":"6300900","CPID":"63009","CPTID":"6300900","CPTVID":"6300900001","NPID":63009.0,"NPTID":6300900.0,"NPTVID":6300900001.0,"PNAME":"臺北市","TNAME":"南港區","VNAME":"南港里","PTVNAME":"臺北市南港區南港里","PTNAME":"臺北市南港區","TVNAME":"南港區南港里","TM2_MAX_X":312075.032,"TM2_MAX_Y":2772586.98,"TM2_MIN_X":311028.731,"TM2_MIN_Y":2771793.18,"MAX_X":121.61526,"MAX_Y":25.0602,"MIN_X":121.60486,"MIN_Y":25.05308,"SECT_NAME":"南港區","LIE_NAME":"南港里","sn":180.0},"geometry":{"type":"MultiPolygon","coordinates":[[[[121.606186917789003,25.054221582827001],[121.606114943215999,25.0545110907896],[121.605997518585994,25.055007429357801],[121.605929054102006,25.055296817691499],[121.605922270053,25.055325492735999],[121.605799313844997,25.055845205276299],[121.605756728754997,25.056025203358399],[121.605711966306004,25.0562163133024],[121.605677362860007,25.056364051339202],[121.605608390732002,25.0566585228121],[121.605588630053006,25.056742885243398],[121.605523712183995,25.057020043895701],[121.605515451976999,25.057055318341799],[121.605463256736996,25.0572781497],[121.605328552059007,25.0578532480639],[121.605327380584001,25.057858249448799],[121.605326200256997,25.057862981708301],[121.605059688371,25.058931492204199],[121.604888482468994,25.059508101768099],[121.605077169867997,25.059528467150901],[121.606777460399002,25.059766304099298],[121.606875028630995,25.059776666701399],[121.607867518668996,25.059972152071399],[121.608570273715003,25.0602308134678],[121.608956440735,25.059276299937999],[121.609137010506004,25.058829968876701],[121.609783476131994,25.059099689072699],[121.610064073367994,25.056925895356901],[121.610313410844,25.056848864462001],[121.610590404147999,25.056752706563898],[121.610721915997999,25.056695163249898],[121.610801954628002,25.056637201044499],[121.610915447761997,25.0565550116605],[121.611344219745007,25.056293548924199],[121.611966759411004,25.055936267358899],[121.611972429716005,25.055933507764301],[121.612022516398994,25.055909131824102],[121.613240011011001,25.0553165994314],[121.613322998951006,25.055265582802701],[121.613400377008006,25.055240491366199],[121.613789792668001,25.0551142145146],[121.613890069833005,25.055102803138801],[121.613940379732,25.055097078607801],[121.614180744544996,25.0550697244432],[121.614377718186006,25.055093997161499],[121.614517367122005,25.055111205691802],[121.61482291563,25.0551956705275],[121.615143889677,25.0552372061019],[121.615237356879007,25.055238660624902],[121.615235250961007,25.055007427299099],[121.614811342436994,25.054979697509999],[121.614875892442996,25.054677851394398],[121.614920476265993,25.054269648304899],[121.614923090887999,25.054241987235699],[121.614805894984997,25.0542249258914],[121.614474874650995,25.054176731568099],[121.613929338925999,25.054097305115501],[121.613852986338998,25.054086188771901],[121.613736376410003,25.0540692112701],[121.613395051793006,25.054019514605901],[121.613229421930001,25.053995533588399],[121.613087958963007,25.053974801889002],[121.612506139952004,25.053890811852],[121.611883352514994,25.053800907644799],[121.611433096750005,25.053737184585799],[121.609310846004007,25.053436810829499],[121.608546908221996,25.0533385967675],[121.606480564617002,25.053072921559199],[121.606331523929001,25.053720095422399],[121.606186917789003,25.054221582827001]]]]}},
{"type":"Feature","properties":{"id":"南港區村里界.13","Name":null,"description":null,"timestamp":null,"begin":null,"end":null,"altitudeMode":null,"tessellate":-1,"extrude":0,"visibility":-1,"drawOrder":null,"icon":null,"AREA":1059342.7430199999,"NEW":6300900004.0,"FULL":"臺北市南港區三重里","PERF_ID":63009.0,"COUN_ID":"6300900","CPID":"63009","CPTID":"6300900","CPTVID":"6300900004","NPID":63009.0,"NPTID":6300900.0,"NPTVID":6300900004.0,"PNAME":"臺北市","TNAME":"南港區","VNAME":"三重里","PTVNAME":"臺北市南港區三重里","PTNAME":"臺北市南港區","TVNAME":"南港區三重里","TM2_MAX_X":312894.944,"TM2_MAX_Y":2773067.12,"TM2_MIN_X":311399.845,"TM2_MIN_Y":2771979.81,"MAX_X":121.62341,"MAX_Y":25.0645,"MIN_X":121.60854,"MIN_Y":25.05475,"SECT_NAME":"南港區","LIE_NAME":"三重里","sn":163.0},"geometry":{"type":"MultiPolygon","coordinates":[[[[121.622787340751003,25.056901541356101],[121.622717799474003,25.056986758859001],[121.622701635566997,25.057006570754101],[121.622625151535999,25.0570417844555],[121.622538983385994,25.057055227199999],[121.622481446524006,25.057046747395301],[121.622390239183005,25.057012236675501],[121.621317334592007,25.056127025287001],[121.621197101205993,25.056035939738699],[121.621057151035998,25.055835896989102],[121.621002278503994,25.055718781183401],[121.620902161630994,25.055505083942101],[121.620887439512003,25.0554353684769],[121.620887439762001,25.055435366370499],[121.620887439502994,25.055435365143602],[121.620952051965006,25.054891301723501],[121.620771349061997,25.054862106214799],[121.620532291,25.05482061711],[121.620295954848004,25.054779599991601],[121.620233575981999,25.054769960636399],[121.620011985757003,25.054735718255198],[121.619765108251002,25.054708581512401],[121.619481327811002,25.054704132059399],[121.619203891557007,25.0547334562633],[121.618889505316005,25.054774200819502],[121.618771146284004,25.054796883921501],[121.618649159978006,25.054820260716799],[121.617835606689994,25.054958841063598],[121.617552004909001,25.054988178816199],[121.617206821842998,25.055040314771102],[121.616755530139002,25.0550953950343],[121.616633499463006,25.0551102886648],[121.616448559622,25.055133590214599],[121.615578281237006,25.0552126196153],[121.615237356879007,25.055238660624902],[121.615143889677,25.0552372061019],[121.61482291563,25.0551956705275],[121.614517367122005,25.055111205691802],[121.614377718186006,25.055093997161499],[121.614180744544996,25.0550697244432],[121.613940379732,25.055097078607801],[121.613890069833005,25.055102803138801],[121.613789792668001,25.0551142145146],[121.613400377008006,25.055240491366199],[121.613322998951006,25.055265582802701],[121.613240011011001,25.0553165994314],[121.612022516398994,25.055909131824102],[121.611972429716005,25.055933507764301],[121.611966759411004,25.055936267358899],[121.611344219745007,25.056293548924199],[121.610915447761997,25.0565550116605],[121.610801954628002,25.056637201044499],[121.610721915997999,25.056695163249898],[121.610590404147999,25.056752706563898],[121.610313410844,25.056848864462001],[121.610064073367994,25.056925895356901],[121.609783476131994,25.059099689072699],[121.609137010506004,25.058829968876701],[121.608956440735,25.059276299937999],[121.608570273715003,25.0602308134678],[121.608590286639995,25.060238179512702],[121.609041126665005,25.060425349345],[121.609742934357001,25.060756882640302],[121.610213587304997,25.061181456836099],[121.610656973725995,25.0615999798903],[121.610680939868999,25.061622601985299],[121.611240778801999,25.0621510409918],[121.611629236663006,25.062533788286601],[121.611850729408999,25.062825191720201],[121.611930542181,25.062982225338601],[121.612042919497995,25.063203329735],[121.612105940706002,25.063320291394799],[121.612235003188999,25.063559818882698],[121.612327281009001,25.063700722551101],[121.612588568232994,25.0640996943442],[121.61298250838,25.064384976596699],[121.613393499327003,25.064513200367902],[121.613839696737003,25.064543838814402],[121.614428251280998,25.064498097254599],[121.614683033158002,25.0644520029741],[121.614826083134005,25.064426122647401],[121.615415657328001,25.064222896326601],[121.615715004589006,25.0641196868043],[121.616001974343007,25.064021963932799],[121.616272152847998,25.063929958402099],[121.616283058242004,25.0639262447086],[121.616292344708,25.063923082319899],[121.616332139343001,25.0639071362862],[121.617212784857998,25.0635881233808],[121.617269384796003,25.063567619879301],[121.617437306436003,25.063506787311901],[121.617856045959002,25.0633550904722],[121.618870058648994,25.063001964485998],[121.619390705539004,25.0626814140584],[121.620149827304999,25.062141805092601],[121.620588203802001,25.061660228693299],[121.620994108114999,25.061135579099801],[121.621502192657999,25.0604788462858],[121.621649202290001,25.060177302500701],[121.621895211433994,25.059556964555199],[121.622488387027005,25.058420533368],[121.622723313080996,25.0580777053063],[121.623282651878995,25.057261453453201],[121.623373107432997,25.057147676253201],[121.622787340751003,25.056901541356101]]]]}},
{"type":"Feature","properties":{"id":"南港區村里界.14","Name":null,"description":null,"timestamp":null,"begin":null,"end":null,"altitudeMode":null,"tessellate":-1,"extrude":0,"visibility":-1,"drawOrder":null,"icon":null,"AREA":166797.48999,"NEW":6300900003.0,"FULL":"臺北市南港區新富里","PERF_ID":63009.0,"COUN_ID":"6300900","CPID":"63009","CPTID":"6300900","CPTVID":"6300900003","NPID":63009.0,"NPTID":6300900.0,"NPTVID":6300900003.0,"PNAME":"臺北市","TNAME":"南港區","VNAME":"新富里","PTVNAME":"臺北市南港區新富里","PTNAME":"臺北市南港區","TVNAME":"南港區新富里","TM2_MAX_X":312656.136,"TM2_MAX_Y":2772034.33,"TM2_MIN_X":312107.927,"TM2_MIN_Y":2771336.68,"MAX_X":121.621,"MAX_Y":25.05519,"MIN_X":121.61553,"MIN_Y":25.04891,"SECT_NAME":"南港區","LIE_NAME":"新富里","sn":210.0},"geometry":{"type":"MultiPolygon","coordinates":[[[[121.620985790307003,25.054430964805199],[121.620982756542006,25.054383890940201],[121.620909839763002,25.054174846673199],[121.620813069332996,25.053987722630701],[121.620634644234002,25.0537573167055],[121.620326901111,25.053536171741399],[121.619884800449995,25.053271972918999],[121.618803511758998,25.0526135593805],[121.618145115329995,25.0522107021254],[121.617731372124993,25.051958291212699],[121.617017451102001,25.051522746622101],[121.616881233200004,25.051439642883398],[121.616645755503001,25.051296697003401],[121.616573655257,25.0512490217554],[121.616515968746995,25.051210007650798],[121.616491862627996,25.051179575153299],[121.616443715895002,25.051131800414201],[121.616390685351007,25.0510666039097],[121.616332650017995,25.0509578050541],[121.616298611771995,25.050857636639201],[121.616287793241995,25.0507295657561],[121.616287793403998,25.050729564445898],[121.616287793232999,25.0507295624233],[121.616296688082002,25.050657556404001],[121.616338208911998,25.050321433895501],[121.616507387357004,25.0491022936198],[121.616093354293,25.048995498873499],[121.615804062926998,25.048920878917102],[121.615775184716,25.048913430020999],[121.615757593544004,25.049199066414999],[121.615740369403994,25.049574060039301],[121.615684068072994,25.049770480052199],[121.615599094106997,25.049962649345499],[121.615547319748998,25.0501110940111],[121.615538892524,25.050271115670501],[121.615544110550999,25.050425000482701],[121.615559236535006,25.0505862403684],[121.615583589558995,25.0506820524906],[121.615590387854994,25.050713560420299],[121.615632460011,25.050908551046],[121.615647010299995,25.051031710377298],[121.615651229641003,25.0510678939374],[121.615691919789995,25.051729162767899],[121.615787483462995,25.0519075779237],[121.615836545188003,25.0521759544548],[121.615932140509003,25.052379668117201],[121.615756817163003,25.0527189926277],[121.615737409077994,25.052758594780801],[121.615692101449994,25.052973364844298],[121.615670568336,25.053075437206399],[121.615667674519003,25.0530869984342],[121.615638444539002,25.053203776390799],[121.615740592183002,25.053976877292602],[121.615755522406005,25.054156300187099],[121.615747912103998,25.0541962714207],[121.615687118975004,25.054515571414999],[121.615696975602006,25.054613817904698],[121.615753684610993,25.054724698867499],[121.615792280289995,25.054955311428699],[121.615563234408995,25.0550118190116],[121.615578281237006,25.0552126196153],[121.616448559622,25.055133590214599],[121.616633499463006,25.0551102886648],[121.616755530139002,25.0550953950343],[121.617206821842998,25.055040314771102],[121.617552004909001,25.054988178816199],[121.617835606689994,25.054958841063598],[121.618649159978006,25.054820260716799],[121.618771146284004,25.054796883921501],[121.618889505316005,25.054774200819502],[121.619203891557007,25.0547334562633],[121.619481327811002,25.054704132059399],[121.619765108251002,25.054708581512401],[121.620011985757003,25.054735718255198],[121.620233575981999,25.054769960636399],[121.620295954848004,25.054779599991601],[121.620532291,25.05482061711],[121.620771349061997,25.054862106214799],[121.620952051965006,25.054891301723501],[121.620993153122001,25.054545210837301],[121.620985790307003,25.054430964805199]]]]}},
{"type":"Feature","properties":{"id":"南港區村里界.15","Name":null,"description":null,"timestamp":null,"begin":null,"end":null,"altitudeMode":null,"tessellate":-1,"extrude":0,"visibility":-1,"drawOrder":null,"icon":null,"AREA":1328715.4671199999,"NEW":6300900006.0,"FULL":"臺北市南港區新光里","PERF_ID":63009.0,"COUN_ID":"6300900","CPID":"63009","CPTID":"6300900","CPTVID":"6300900006","NPID":63009.0,"NPTID":6300900.0,"NPTVID":6300900006.0,"PNAME":"臺北市","TNAME":"南港區","VNAME":"新光里","PTVNAME":"臺北市南港區新光里","PTNAME":"臺北市南港區","TVNAME":"南港區新光里","TM2_MAX_X":311282.783,"TM2_MAX_Y":2771662.34,"TM2_MIN_X":309492.369,"TM2_MIN_Y":2769706.18,"MAX_X":121.60737,"MAX_Y":25.05189,"MIN_X":121.58954,"MIN_Y":25.0343,"SECT_NAME":"南港區","LIE_NAME":"新光里","sn":222.0},"geometry":{"type":"MultiPolygon","coordinates":[[[[121.592655938014005,25.046050374024901],[121.592531258842996,25.045984623996901],[121.592406716238997,25.045947266348399],[121.592282355571001,25.045947762235301],[121.592044181882997,25.0459865660271],[121.591288605952997,25.046168453194099],[121.590150355318997,25.0464424505724],[121.590136591014996,25.046498712897499],[121.589680114022997,25.047525815362501],[121.589604615935002,25.047695689145101],[121.589635574194006,25.047726423936499],[121.589657163549006,25.047754325010899],[121.589674208193003,25.047793447860801],[121.589686688002999,25.047839585523398],[121.589686895558003,25.0478829732264],[121.589682471282003,25.047919373595299],[121.589676494103998,25.047950191801899],[121.589691035805004,25.0479529327514],[121.590592299557997,25.048340932173598],[121.590758236225,25.048427175750501],[121.590966263024995,25.048664407311499],[121.591041291851994,25.0487774732463],[121.590992157041995,25.0488872504772],[121.590827932009006,25.0491561975658],[121.590920851693994,25.049548816268398],[121.590880070181996,25.049674955050701],[121.591170740302005,25.049743008265999],[121.592470093513001,25.0500472117449],[121.593272082224004,25.050234966205998],[121.593980637799007,25.0504008428296],[121.594011191432998,25.050409819452],[121.593950201000993,25.0505431267711],[121.5938209965,25.0509028984773],[121.593761823386004,25.051098355954199],[121.594101882931,25.051172873978899],[121.595463144,25.051487310000098],[121.597990198031994,25.051870594692801],[121.599540286858996,25.052105668717001],[121.601275493727996,25.0523688157222],[121.604991601169999,25.052860161909798],[121.605071242834001,25.052465914613599],[121.605186168470993,25.0518970000062],[121.605764488760997,25.051557158475202],[121.606578146844001,25.050937985777001],[121.606841738935003,25.050563665703901],[121.607361265753994,25.050337594384601],[121.607360668042006,25.0502162970269],[121.607298686666994,25.050067254921601],[121.607261231536,25.050013986486402],[121.607226717732999,25.0499649011388],[121.607062926468004,25.049872257549801],[121.606827708408005,25.049789240525001],[121.606562015560002,25.049734343312601],[121.606296644178002,25.0497447526553],[121.605898600100005,25.049765046731899],[121.605347981834996,25.0498979265504],[121.605042054349994,25.0499644904252],[121.604797408099003,25.050040130057099],[121.604542426555994,25.050087824639402],[121.604287353318995,25.0501168583388],[121.604042579034001,25.0501645105401],[121.603777333638007,25.050202910631398],[121.603532284804999,25.0501945716181],[121.603235731265002,25.0500931372707],[121.602867405379996,25.049926676251101],[121.602611373974995,25.049759749729098],[121.602314685403996,25.049630318304601],[121.601690241800995,25.049278266321],[121.601485027373002,25.049176991038099],[121.601392639129003,25.049074798273999],[121.601310221245001,25.048925944609401],[121.601114045859006,25.048479158554098],[121.600948539822994,25.048041583048501],[121.600865996726,25.047864751896899],[121.600732306026998,25.047669484771099],[121.600557594441995,25.0474370797501],[121.600454309685006,25.047195059895898],[121.600340545516005,25.0468971359082],[121.600309232384006,25.046757391938101],[121.600290897850002,25.045088390670902],[121.600340173112997,25.044724544362602],[121.600389003876998,25.044267440742502],[121.600448041475005,25.043810304858301],[121.600456295930002,25.0434093206187],[121.600464368735999,25.042971042482598],[121.600421623588005,25.042579590231099],[121.600335952614003,25.041759391732299],[121.600528172938994,25.041394958519799],[121.600709993669994,25.040993272487501],[121.600800603322,25.0407318166896],[121.601064152015994,25.040339125617301],[121.601145190091003,25.040208262068699],[121.601184809773997,25.039956338241701],[121.601265029087998,25.0396576295696],[121.601345384457005,25.039386898036199],[121.601566626421999,25.038695993203699],[121.601677256412998,25.038350540617301],[121.602447742300996,25.0366641136869],[121.602096758593007,25.0364466526424],[121.601707574298999,25.036196474516501],[121.601226321846994,25.0359093642166],[121.600601914855005,25.035576210430499],[121.600223224824006,25.035381923345501],[121.599916262807,25.035243292199802],[121.599588979347004,25.035123394245701],[121.599241364441994,25.035022229391402],[121.598924369236002,25.034920940304801],[121.598566639555003,25.034838466463199],[121.598311139377003,25.034783539886099],[121.598116706726998,25.034691081446699],[121.597912077916007,25.034598663773401],[121.597656026479001,25.034431854282399],[121.597451924889995,25.0342680945887],[121.597275265576997,25.0346656756006],[121.597150625062994,25.034953953026498],[121.596819912073002,25.036068036657401],[121.596467453225003,25.037028721788499],[121.596301720701007,25.037509017385201],[121.596051584671002,25.037912913424002],[121.595926752756995,25.0381628215709],[121.595738711294999,25.038374623104701],[121.595383644245999,25.038798123201101],[121.595133224861002,25.0391444563382],[121.594967669609005,25.039663127728002],[121.594958319848999,25.039717293982999],[121.594926369513004,25.039902392520698],[121.594845054874,25.040373471900899],[121.594660523987002,25.041314295667298],[121.594577517841998,25.041525666267699],[121.594565569611007,25.041758527987302],[121.594539108668997,25.042274051048299],[121.594540588776994,25.042581005909899],[121.594177570446007,25.043323796885801],[121.593958116775994,25.0437728279406],[121.593728692479999,25.044119083770301],[121.593751179642993,25.044425954634502],[121.593474549544993,25.044509372023601],[121.593556647222997,25.0446335753693],[121.593728375837998,25.044785975682601],[121.593820579850004,25.044866203105101],[121.593898092543995,25.044959921906599],[121.593942770827994,25.045044816798899],[121.593959382234004,25.045089525934401],[121.593964437576005,25.045117863559799],[121.593967860516997,25.045147700230999],[121.593964768342005,25.045186518067698],[121.593958389842996,25.045223856524501],[121.593947078176001,25.0452582296661],[121.593930804688995,25.045283667528601],[121.593901436115999,25.045313635300801],[121.593870384851996,25.045334654678101],[121.593831085386995,25.045345259415399],[121.593778640506997,25.045349946608798],[121.593645229182997,25.045339532818101],[121.593445100340006,25.045319437191498],[121.593394287866005,25.045322625208701],[121.593297631972007,25.0453394289515],[121.593278000140998,25.0453484624732],[121.593274778463993,25.0453604154951],[121.593279848026,25.045391738126799],[121.593303075036005,25.045448361040801],[121.593427178414004,25.045683683184802],[121.593484547968004,25.0457699968863],[121.593407374910996,25.0458248139836],[121.593207658417001,25.046335096202899],[121.593038963541005,25.046243797341798],[121.592655938014005,25.046050374024901]]]]}},
{"type":"Feature","properties":{"id":"南港區村里界.16","Name":null,"description":null,"timestamp":null,"begin":null,"end":null,"altitudeMode":null,"tessellate":-1,"extrude":0,"visibility":-1,"drawOrder":null,"icon":null,"AREA":241754.78569,"NEW":6300900005.0,"FULL":"臺北市南港區東新里","PERF_ID":63009.0,"COUN_ID":"6300900","CPID":"63009","CPTID":"6300900","CPTVID":"6300900005","NPID":63009.0,"NPTID":6300900.0,"NPTVID":6300900005.0,"PNAME":"臺北市","TNAME":"南港區","VNAME":"東新里","PTVNAME":"臺北市南港區東新里","PTNAME":"臺北市南港區","TVNAME":"南港區東新里","TM2_MAX_X":311118.06,"TM2_MAX_Y":2772323.24,"TM2_MIN_X":309987.227,"TM2_MIN_Y":2771898.51,"MAX_X":121.60577,"MAX_Y":25.05786,"MIN_X":121.59454,"MIN_Y":25.05407,"SECT_NAME":"南港區","LIE_NAME":"東新里","sn":190.0},"geometry":{"type":"MultiPolygon","coordinates":[[[[121.599396096440998,25.054318995520301],[121.599323947881999,25.054288943671299],[121.599231485947996,25.054255606314801],[121.599085429276997,25.054210676512302],[121.599037350025995,25.0541940152211],[121.598954162450994,25.054172430815001],[121.598651141497001,25.054118022196199],[121.598340712818,25.054058587133401],[121.598017657148006,25.054058200079901],[121.597731714888994,25.054098126343899],[121.597606477496001,25.0540986303354],[121.597371740181003,25.054099574702001],[121.597100668899003,25.054163039068399],[121.596936590449005,25.054209208678401],[121.596811200814003,25.054238376437699],[121.596647050455005,25.054267690787299],[121.596492108807993,25.054295288767399],[121.596346363031998,25.0543144175316],[121.595165616489993,25.054469189981301],[121.595055683444997,25.054471748260401],[121.594738683976004,25.054479124777298],[121.594543198623995,25.0548196969788],[121.595008874070999,25.0548678192573],[121.595303414805002,25.0549928921839],[121.595905407323997,25.055248520151501],[121.596266783374006,25.055401971454899],[121.596462303432006,25.0554838214108],[121.596475263280993,25.055489246739],[121.596658682523994,25.055566030609],[121.597399117715,25.055875991936698],[121.598247750644006,25.056235678657998],[121.598260976427994,25.056241284388399],[121.598746177932,25.056446930063501],[121.599015299098994,25.056568427277298],[121.599813364574999,25.0569287169162],[121.599958675742002,25.0569882097173],[121.599971609631993,25.0569933201058],[121.600145220686997,25.057061916482098],[121.600478618004999,25.057168408150702],[121.600884990053004,25.057277256855201],[121.601273435370999,25.057381302571301],[121.601753586781996,25.057500035120501],[121.602083990249,25.0575705887662],[121.602344355026005,25.057608242050001],[121.602377583288998,25.057613047401301],[121.602657033952994,25.0576478599348],[121.603344373268001,25.057663388661599],[121.604027133656999,25.0576785862647],[121.604457210063998,25.0577132856452],[121.605130784425995,25.057829318996902],[121.605185377628999,25.057838723356301],[121.605326200256997,25.057862981708301],[121.605327380584001,25.057858249448799],[121.605328552059007,25.0578532480639],[121.605463256736996,25.0572781497],[121.605515451976999,25.057055318341799],[121.605523712183995,25.057020043895701],[121.605588630053006,25.056742885243398],[121.605608390732002,25.0566585228121],[121.605677362860007,25.056364051339202],[121.605711966306004,25.0562163133024],[121.605756728754997,25.056025203358399],[121.605649608855003,25.056004650241601],[121.605621336526994,25.055999334626101],[121.605579393994006,25.055991448799698],[121.605517977728994,25.055979967916901],[121.605499943908001,25.055976596749399],[121.605422360513003,25.055968489964201],[121.605348516847002,25.055967102756401],[121.605293168488004,25.055974072248301],[121.605012746403006,25.056012301824399],[121.604855895029004,25.056026428529499],[121.604734055023002,25.0560235572921],[121.604623258900006,25.056017264532301],[121.604533475802,25.056003977615401],[121.604512413181993,25.0560008605697],[121.604443486402005,25.055985741609],[121.604421858142004,25.0559809974831],[121.604322067949994,25.055959492720099],[121.604218529766996,25.055929561990101],[121.604131555848994,25.055886085050201],[121.604059388753996,25.0558526681823],[121.603972406669996,25.0558075029506],[121.603881678378997,25.055752241577],[121.603809445338996,25.0557053370703],[121.603785548024007,25.0556890009765],[121.603781171323007,25.0556860090832],[121.603726092444006,25.0556483573816],[121.603677846891998,25.0555979878595],[121.603561040458004,25.0554956340731],[121.603414601127994,25.0553731689199],[121.603327494164006,25.0553044046979],[121.603221926938005,25.055232347973899],[121.603116315224995,25.055155226662801],[121.603029284493005,25.055099949734799],[121.603023137253999,25.055096447647902],[121.602894139122,25.0550229572071],[121.602764593372996,25.0549560531514],[121.602586999069004,25.054880911821499],[121.602496338015996,25.0548391370892],[121.602484991598004,25.0548341978648],[121.602392736965001,25.054794038327401],[121.602365158709006,25.0547850079125],[121.602230017167997,25.054740756138902],[121.602089480852996,25.0546941277304],[121.601971162577996,25.054659208688999],[121.601814083630003,25.054624437597798],[121.601713388213,25.054606244036801],[121.601668106302,25.054598062516199],[121.601500004960997,25.054575135302301],[121.601355922151996,25.054557175335798],[121.601134308170003,25.054539538098101],[121.601087587872001,25.054536036855101],[121.60108056867,25.0545355315144],[121.601025348703004,25.0545315559934],[121.600822206584994,25.0545155227355],[121.600709617855003,25.0545193456121],[121.600571206742998,25.054528337520601],[121.600384847436004,25.0545476344736],[121.600261277057996,25.054571733090999],[121.600209272173998,25.0545844817755],[121.600093487934004,25.054612865510801],[121.599960821905995,25.054663976213799],[121.599850281564997,25.054709941769801],[121.599668543198007,25.054540417169701],[121.599451682283004,25.054360922776201],[121.599396096440998,25.054318995520301]]]]}},
{"type":"Feature","properties":{"id":"南港區村里界.17","Name":null,"description":null,"timestamp":null,"begin":null,"end":null,"altitudeMode":null,"tessellate":-1,"extrude":0,"visibility":-1,"drawOrder":null,"icon":null,"AREA":467983.63036000001,"NEW":6300900008.0,"FULL":"臺北市南港區西新里","PERF_ID":63009.0,"COUN_ID":"6300900","CPID":"63009","CPTID":"6300900","CPTVID":"6300900008","NPID":63009.0,"NPTID":6300900.0,"NPTVID":6300900008.0,"PNAME":"臺北市","TNAME":"南港區","VNAME":"西新里","PTVNAME":"臺北市南港區西新里","PTNAME":"臺北市南港區","TVNAME":"南港區西新里","TM2_MAX_X":310084.311,"TM2_MAX_Y":2772449.76,"TM2_MIN_X":309270.095,"TM2_MIN_Y":2771485.56,"MAX_X":121.59553,"MAX_Y":25.05904,"MIN_X":121.58741,"MIN_Y":25.05037,"SECT_NAME":"南港區","LIE_NAME":"西新里","sn":186.0},"geometry":{"type":"MultiPolygon","coordinates":[[[[121.590663041724994,25.050721452312299],[121.589827953764001,25.050599979146099],[121.589435334428003,25.0505398267149],[121.588930793168004,25.0504748645082],[121.588609559483004,25.051933549980699],[121.588605465072007,25.051952142009402],[121.588379684779994,25.0530264191543],[121.588303217078007,25.0531289459629],[121.588145851115002,25.053736862121202],[121.588071260743007,25.053979703116799],[121.587765992070004,25.0549136398222],[121.587437160611003,25.0551160919381],[121.587583584014993,25.055196034384199],[121.587708615164999,25.055264297151901],[121.587963930884996,25.055449057478899],[121.588519447338001,25.055851055880598],[121.588536236161005,25.055863205267698],[121.588609960198994,25.055916556297099],[121.589132778511001,25.056333531222801],[121.589351972968004,25.0565083498349],[121.589604738633994,25.056756553407599],[121.589840714470995,25.056988268868501],[121.590348570081005,25.057476804167599],[121.590391644709996,25.057523339658299],[121.590664427115001,25.0578180378326],[121.590712897006995,25.057870401669302],[121.590945321318003,25.0580368077858],[121.591007636241002,25.058081422531799],[121.591014379184998,25.058086252747501],[121.591525062556997,25.058561122264798],[121.592110034225001,25.0590585498704],[121.592730884549994,25.05797698808],[121.593638763512999,25.056395365365599],[121.593641271894995,25.0563909954314],[121.594543198623995,25.0548196969788],[121.594738683976004,25.054479124777298],[121.595014571601993,25.0533398044774],[121.595463144,25.051487310000098],[121.594101882931,25.051172873978899],[121.593761823386004,25.051098355954199],[121.593733677925002,25.051187223507601],[121.592630369835007,25.051021368158398],[121.590883019367993,25.050753511315399],[121.590663041724994,25.050721452312299]]]]}},
{"type":"Feature","properties":{"id":"南港區村里界.18","Name":null,"description":null,"timestamp":null,"begin":null,"end":null,"altitudeMode":null,"tessellate":-1,"extrude":0,"visibility":-1,"drawOrder":null,"icon":null,"AREA":479760.19804,"NEW":6300900007.0,"FULL":"臺北市南港區東明里","PERF_ID":63009.0,"COUN_ID":"6300900","CPID":"63009","CPTID":"6300900","CPTVID":"6300900007","NPID":63009.0,"NPTID":6300900.0,"NPTVID":6300900007.0,"PNAME":"臺北市","TNAME":"南港區","VNAME":"東明里","PTVNAME":"臺北市南港區東明里","PTNAME":"臺北市南港區","TVNAME":"南港區東明里","TM2_MAX_X":311192.56,"TM2_MAX_Y":2772119.87,"TM2_MIN_X":310007.117,"TM2_MIN_Y":2771374.63,"MAX_X":121.6065,"MAX_Y":25.05602,"MIN_X":121.59471,"MIN_Y":25.04934,"SECT_NAME":"南港區","LIE_NAME":"東明里","sn":208.0},"geometry":{"type":"MultiPolygon","coordinates":[[[[121.595055683444997,25.054471748260401],[121.595165616489993,25.0544691899814],[121.596346363031998,25.0543144175316],[121.596492108807993,25.054295288767399],[121.596647050455005,25.054267690787299],[121.596811200814003,25.054238376437699],[121.596936590449005,25.0542092086785],[121.597100668899003,25.054163039068399],[121.597371740181003,25.054099574702001],[121.597371740181003,25.054099574702001],[121.597606477496001,25.0540986303354],[121.597731714888994,25.054098126343899],[121.598017657148006,25.054058200079901],[121.598340712818,25.054058587133401],[121.598651141497001,25.054118022196199],[121.598954162450994,25.054172430815001],[121.599037350025995,25.0541940152211],[121.599085429276997,25.054210676512302],[121.599231485947996,25.054255606314801],[121.599323947881999,25.054288943671299],[121.599396096440998,25.054318995520301],[121.599451682283004,25.054360922776201],[121.599668543198007,25.054540417169701],[121.599850281564997,25.054709941769801],[121.599960821905995,25.054663976213799],[121.600093487934004,25.054612865510801],[121.600209272173998,25.0545844817755],[121.600261277057996,25.054571733090999],[121.600384847436004,25.0545476344736],[121.600571206742998,25.054528337520601],[121.600709617855003,25.0545193456121],[121.600822206584994,25.0545155227355],[121.601025348703004,25.0545315559934],[121.60108056867,25.0545355315144],[121.601087587872001,25.054536036855101],[121.601134308170003,25.054539538098101],[121.601355922151996,25.054557175335798],[121.601500004960997,25.054575135302301],[121.601668106302,25.054598062516199],[121.601713388213,25.054606244036801],[121.601814083630003,25.054624437597798],[121.601971162577996,25.054659208688999],[121.602089480852996,25.0546941277304],[121.602230017167997,25.054740756138902],[121.602365158709006,25.0547850079125],[121.602392736965001,25.054794038327401],[121.602484991598004,25.0548341978648],[121.602496338015996,25.0548391370892],[121.602586999069004,25.054880911821499],[121.602764593372996,25.0549560531514],[121.602894139122,25.0550229572071],[121.603023137253999,25.055096447647902],[121.603029284493005,25.055099949734799],[121.603116315224995,25.055155226662801],[121.603221926938005,25.055232347973899],[121.603327494164006,25.0553044046979],[121.603414601127994,25.0553731689199],[121.603561040458004,25.0554956340731],[121.603677846891998,25.0555979878595],[121.603726092444006,25.0556483573816],[121.603781171323007,25.0556860090832],[121.603785548024007,25.0556890009765],[121.603809445338996,25.0557053370703],[121.603881678378997,25.055752241577],[121.603972406669996,25.0558075029506],[121.604059388753996,25.0558526681823],[121.604131555848994,25.055886085050201],[121.604218529766996,25.055929561990101],[121.604322067949994,25.055959492720099],[121.604421858142004,25.0559809974831],[121.604443486402005,25.055985741609],[121.604512413181993,25.0560008605697],[121.604533475802,25.056003977615401],[121.604623258900006,25.056017264532301],[121.604734055023002,25.0560235572921],[121.604855895029004,25.056026428529499],[121.605012746403006,25.056012301824399],[121.605293168488004,25.055974072248301],[121.605348516847002,25.055967102756401],[121.605422360513003,25.055968489964201],[121.605499943908001,25.055976596749399],[121.605517977728994,25.055979967916901],[121.605579393994006,25.055991448799698],[121.605621336526994,25.055999334626101],[121.605649608855003,25.056004650241601],[121.605756728754997,25.056025203358399],[121.605799313844997,25.055845205276299],[121.605922270053,25.055325492735999],[121.605929054102006,25.055296817691499],[121.605997518585994,25.055007429357801],[121.606114943215999,25.0545110907896],[121.606186917789003,25.054221582827001],[121.606331523929001,25.053720095422399],[121.606480564617002,25.053072921559199],[121.604991601169999,25.052860161909798],[121.601275493727996,25.0523688157222],[121.599540286858996,25.052105668717001],[121.597990198031994,25.051870594692801],[121.595463144,25.051487310000098],[121.595014571601993,25.0533398044774],[121.594738683976004,25.054479124777298],[121.595055683444997,25.054471748260401]]]]}},
{"type":"Feature","properties":{"id":"南港區村里界.19","Name":null,"description":null,"timestamp":null,"begin":null,"end":null,"altitudeMode":null,"tessellate":-1,"extrude":0,"visibility":-1,"drawOrder":null,"icon":null,"AREA":412501.48008000001,"NEW":6300900009.0,"FULL":"臺北市南港區玉成里","PERF_ID":63009.0,"COUN_ID":"6300900","CPID":"63009","CPTID":"6300900","CPTVID":"6300900009","NPID":63009.0,"NPTID":6300900.0,"NPTVID":6300900009.0,"PNAME":"臺北市","TNAME":"南港區","VNAME":"玉成里","PTVNAME":"臺北市南港區玉成里","PTNAME":"臺北市南港區","TVNAME":"南港區玉成里","TM2_MAX_X":309425.504,"TM2_MAX_Y":2772011.02,"TM2_MIN_X":308485.953,"TM2_MIN_Y":2771313.15,"MAX_X":121.58898,"MAX_Y":25.05511,"MIN_X":121.57964,"MIN_Y":25.04885,"SECT_NAME":"南港區","LIE_NAME":"玉成里","sn":211.0},"geometry":{"type":"MultiPolygon","coordinates":[[[[121.583050649021004,25.053471934640999],[121.583056890793003,25.0534735983715],[121.583068868940998,25.0534767996119],[121.583819260352996,25.053677344474998],[121.583819530379003,25.0536774133089],[121.584312804381,25.053809240161101],[121.584414624765998,25.0538413438349],[121.584457108378999,25.053854738769701],[121.585168597988002,25.0540790667023],[121.585711579869994,25.054265913390999],[121.586149773255997,25.054416699203699],[121.586209541396002,25.054448938593701],[121.586680516154999,25.054702984516599],[121.587437160611003,25.0551160919381],[121.587765992070004,25.0549136398222],[121.588071260743007,25.053979703116799],[121.588145851115002,25.053736862121202],[121.588303217078007,25.0531289459629],[121.588379684779994,25.0530264191543],[121.588605465072007,25.051952142009402],[121.588609559483004,25.051933549980699],[121.588930793168004,25.0504748645082],[121.588113021427006,25.050353673945001],[121.586959561759997,25.050156776427301],[121.586677405630994,25.050107123249798],[121.586118502114999,25.050016310149299],[121.585116036542999,25.049855672063199],[121.584067619185006,25.049688990431399],[121.583823151006996,25.049632762970798],[121.583788204532993,25.0496276937746],[121.583384011323005,25.049569063105199],[121.582359296800007,25.049338548659801],[121.582032149157996,25.049265405315499],[121.581481950902003,25.049127706331699],[121.581467450174998,25.049051713738201],[121.581472067213994,25.048970494000699],[121.581442989408998,25.0489355551844],[121.581402963225003,25.0489361228842],[121.580966256905995,25.048942316781801],[121.580789035733005,25.048944829832202],[121.580684010018004,25.048941351639499],[121.580411081251995,25.0489315849827],[121.580198686738996,25.048921843301802],[121.580093811024,25.048916037283501],[121.580067415903997,25.049464776210598],[121.580064815493998,25.049518836986898],[121.580042089740999,25.049741863150398],[121.580041459545001,25.049742838936499],[121.57999752616,25.0498110979477],[121.579703937182998,25.0501066791394],[121.579703806115006,25.0501068135538],[121.579654498630006,25.0502390404728],[121.579642891066001,25.050297523212301],[121.579646012466,25.050345042480501],[121.579646781907002,25.0503567570149],[121.579650566102998,25.050414367197899],[121.579657207767994,25.050458957648299],[121.579662200818007,25.050469094661],[121.579931865342004,25.0510162672037],[121.580017432637007,25.051226655573199],[121.580031468550999,25.051372484170201],[121.580031468531999,25.051372487221101],[121.580031468559,25.051372487503201],[121.580030886033001,25.051466962471299],[121.580028944885001,25.051781781604099],[121.580016682497998,25.0520128198138],[121.579982074759002,25.052227721966499],[121.579785896953993,25.052938518751901],[121.579855169381005,25.052949704596699],[121.580499391947995,25.0530537295251],[121.580564722025997,25.053064278440502],[121.580918299095998,25.053114459965901],[121.580948849704995,25.053118795828102],[121.581731824439998,25.053229916416502],[121.582003184399994,25.053279714185798],[121.582882287914998,25.053441036403701],[121.582913654715995,25.053446488788499],[121.582917951819994,25.053447584215299],[121.583050649021004,25.053471934640999]]]]}},
{"type":"Feature","properties":{"id":"南港區村里界.20","Name":null,"description":null,"timestamp":null,"begin":null,"end":null,"altitudeMode":null,"tessellate":-1,"extrude":0,"visibility":-1,"drawOrder":null,"icon":null,"AREA":771534.06423000002,"NEW":6301000037.0,"FULL":"臺北市內湖區蘆洲里","PERF_ID":63010.0,"COUN_ID":"6301000","CPID":"63010","CPTID":"6301000","CPTVID":"6301000037","NPID":63010.0,"NPTID":6301000.0,"NPTVID":6301000037.0,"PNAME":"臺北市","TNAME":"內湖區","VNAME":"蘆洲里","PTVNAME":"臺北市內湖區蘆洲里","PTNAME":"臺北市內湖區","TVNAME":"內湖區蘆洲里","TM2_MAX_X":311737.499,"TM2_MAX_Y":2773144.94,"TM2_MIN_X":310165.238,"TM2_MIN_Y":2772421.8,"MAX_X":121.61194,"MAX_Y":25.06525,"MIN_X":121.59633,"MIN_Y":25.05879,"SECT_NAME":"內湖區","LIE_NAME":"蘆洲里","sn":161.0},"geometry":{"type":"MultiPolygon","coordinates":[[[[121.596739446399994,25.059470001746298],[121.596879939735999,25.0594244664446],[121.597749133318004,25.059080164249998],[121.597777759913996,25.0590710730594],[121.598370215065003,25.0588829205225],[121.598575110395004,25.058850379486],[121.598920755235,25.0587995576794],[121.598940064024006,25.058799913143101],[121.598999019955997,25.0588009875156],[121.599455269236003,25.058809301097501],[121.599649502806997,25.058812839913799],[121.599897750872003,25.058798460829198],[121.600336612472006,25.058773039959],[121.601008285880994,25.058955919928501],[121.601916385867995,25.059143219329901],[121.602948423718004,25.059295044636102],[121.603018926215,25.059302925526801],[121.603900455705997,25.059401461494001],[121.604888482478003,25.059508105101902],[121.605077169875997,25.0595284704847],[121.606777460407997,25.059766307433101],[121.606873848597999,25.059776548466601],[121.606875028640005,25.059776670035198],[121.607867518678006,25.059972155405202],[121.608570273723998,25.060230816801699],[121.608590286649004,25.0602381828466],[121.609041126674001,25.060425352678902],[121.609742934365997,25.0607568859742],[121.610212283088998,25.061180282868001],[121.610213587314007,25.061181460170101],[121.610656973735004,25.061599983224401],[121.611240778810995,25.062151044325802],[121.611629236672002,25.062533791620702],[121.611850729417995,25.062825195054302],[121.611930541009997,25.062982226350499],[121.611930542181,25.062982225338601],[121.611850729408999,25.062825191720201],[121.611629236663006,25.062533788286601],[121.611240778801999,25.0621510409918],[121.610680939868999,25.061622601985299],[121.610656973725995,25.0615999798903],[121.610213587304997,25.061181456836099],[121.609742934357001,25.060756882640302],[121.609041126665005,25.060425349345],[121.608590286639995,25.060238179512702],[121.608570273715003,25.0602308134678],[121.607867518668996,25.059972152071399],[121.606875028630995,25.059776666701399],[121.606777460399002,25.059766304099298],[121.605077169867997,25.059528467150901],[121.604888482468994,25.059508101768099],[121.603900455697001,25.059401458160199],[121.603018926363006,25.059302922118],[121.602948423710004,25.059295041302299],[121.601916385894995,25.059143215827302],[121.601008285872993,25.058955916594801],[121.600336612464005,25.058773036625301],[121.599897750957993,25.058798457246201],[121.599649502513998,25.05881283634],[121.599455269226993,25.058809297763801],[121.598999019947001,25.0588009841819],[121.598940064014997,25.058799909809299],[121.598920755226004,25.0587995543457],[121.598575110419006,25.0588503760554],[121.598370214851997,25.0588829173095],[121.597777760010999,25.059071069903201],[121.597749133310003,25.059080160916299],[121.596879939440996,25.059424462871299],[121.596739446532993,25.059469998666],[121.596330592574006,25.059602511185101],[121.596330594406993,25.059602513841199],[121.596739446399994,25.059470001746298]]]]}},
{"type":"Feature","properties":{"id":"南港區村里界.21","Name":null,"description":null,"timestamp":null,"begin":null,"end":null,"altitudeMode":null,"tessellate":-1,"extrude":0,"visibility":-1,"drawOrder":null,"icon":null,"AREA":381356.94103,"NEW":6300900020.0,"FULL":"臺北市南港區重陽里","PERF_ID":63009.0,"COUN_ID":"6300900","CPID":"63009","CPTID":"6300900","CPTVID":"6300900020","NPID":63009.0,"NPTID":6300900.0,"NPTVID":6300900020.0,"PNAME":"臺北市","TNAME":"南港區","VNAME":"重陽里","PTVNAME":"臺北市南港區重陽里","PTNAME":"臺北市南港區","TVNAME":"南港區重陽里","TM2_MAX_X":311073.71,"TM2_MAX_Y":2772557.12,"TM2_MIN_X":309739.669,"TM2_MIN_Y":2771981.32,"MAX_X":121.60534,"MAX_Y":25.05997,"MIN_X":121.59209,"MIN_Y":25.05483,"SECT_NAME":"南港區","LIE_NAME":"重陽里","sn":185.0},"geometry":{"type":"MultiPolygon","coordinates":[[[[121.596266783374006,25.055401971454899],[121.595905407323997,25.055248520151501],[121.595303414805002,25.0549928921839],[121.595008874070999,25.0548678192573],[121.594543198623995,25.0548196969788],[121.593641271894995,25.0563909954314],[121.593638763512999,25.056395365365599],[121.592730884549994,25.05797698808],[121.592110034225001,25.0590585498704],[121.592275733845,25.0591994506083],[121.592996842714001,25.059530057080099],[121.59359401063,25.059843334124299],[121.593804153712,25.059891527393901],[121.594359088741001,25.060018792667499],[121.594874409175006,25.060000505840598],[121.595332561443001,25.059895235488899],[121.595619715596001,25.0598292551004],[121.596170146831994,25.059654512309901],[121.596330592574006,25.059602511185101],[121.596739446532993,25.059469998666],[121.596879939440996,25.059424462871299],[121.597749133310003,25.059080160916299],[121.597777760010999,25.059071069903201],[121.598370214851997,25.0588829173095],[121.598575110419006,25.0588503760554],[121.598920755226004,25.0587995543457],[121.598940064014997,25.058799909809299],[121.598999019947001,25.0588009841819],[121.599455269226993,25.058809297763801],[121.599649502513998,25.05881283634],[121.599897750957993,25.058798457246201],[121.600336612464005,25.058773036625301],[121.601008285872993,25.058955916594801],[121.601916385894995,25.059143215827302],[121.602948423710004,25.059295041302299],[121.603018926363006,25.059302922118],[121.603900455697001,25.059401458160199],[121.604888482468994,25.059508101768099],[121.605059688371,25.058931492204199],[121.605326200256997,25.057862981708301],[121.605185377628999,25.057838723356301],[121.605130784425995,25.057829318996902],[121.604457210063998,25.0577132856452],[121.604027133656999,25.0576785862647],[121.603344373268001,25.057663388661599],[121.602657033952994,25.0576478599348],[121.602377583288998,25.057613047401301],[121.602344355026005,25.057608242050001],[121.602083990249,25.0575705887662],[121.601753586781996,25.057500035120501],[121.601273435370999,25.057381302571301],[121.600884990053004,25.057277256855201],[121.600478618004999,25.057168408150702],[121.600145220686997,25.057061916482098],[121.599971609631993,25.0569933201058],[121.599958675742002,25.0569882097173],[121.599813364574999,25.0569287169162],[121.599015299098994,25.056568427277298],[121.598746177932,25.056446930063501],[121.598260976427994,25.056241284388399],[121.598247750644006,25.056235678657998],[121.597399117715,25.055875991936698],[121.596658682523994,25.055566030609],[121.596475263280993,25.055489246739],[121.596462303432006,25.0554838214108],[121.596266783374006,25.055401971454899]]]]}},
{"type":"Feature","properties":{"id":"南港區村里界.22","Name":null,"description":null,"timestamp":null,"begin":null,"end":null,"altitudeMode":null,"tessellate":-1,"extrude":0,"visibility":-1,"drawOrder":null,"icon":null,"AREA":299349.04352000001,"NEW":6300100018.0,"FULL":"臺北市松山區慈祐里","PERF_ID":63001.0,"COUN_ID":"6300100","CPID":"63001","CPTID":"6300100","CPTVID":"6300100018","NPID":63001.0,"NPTID":6300100.0,"NPTVID":6300100018.0,"PNAME":"臺北市","TNAME":"松山區","VNAME":"慈祐里","PTVNAME":"臺北市松山區慈祐里","PTNAME":"臺北市松山區","TVNAME":"松山區慈祐里","TM2_MAX_X":308529.184,"TM2_MAX_Y":2771766.48,"TM2_MIN_X":307445.745,"TM2_MIN_Y":2771354.47,"MAX_X":121.58008,"MAX_Y":25.05294,"MIN_X":121.56933,"MIN_Y":25.04926,"SECT_NAME":"松山區","LIE_NAME":"慈祐里","sn":221.0},"geometry":{"type":"MultiPolygon","coordinates":[[[[121.579997244354999,25.049811301079298],[121.579886004537002,25.049919963062202],[121.579703937182998,25.0501066791394],[121.57999752616,25.0498110979477],[121.580041459545001,25.049742838936499],[121.579997244354999,25.049811301079298]]],[[[121.579642890908005,25.050297524009601],[121.579646012441998,25.0503450459554],[121.579650566110999,25.050414370530699],[121.579657207775995,25.050458960981199],[121.579662200825993,25.050469097993801],[121.579931865350005,25.0510162705366],[121.580017432644993,25.051226658906099],[121.580031468531999,25.051372487221101],[121.580031468550999,25.051372484170201],[121.580017432637007,25.051226655573199],[121.579931865342004,25.0510162672037],[121.579662200818007,25.050469094661],[121.579657207767994,25.050458957648299],[121.579650566102998,25.050414367197899],[121.579646781907002,25.0503567570149],[121.579646012433003,25.050345042622599],[121.579646012466,25.050345042480501],[121.579642891066001,25.050297523212301],[121.579642890908005,25.050297524009601]]]]}},
{"type":"Feature","properties":{"id":"南港區村里界.23","Name":null,"description":null,"timestamp":null,"begin":null,"end":null,"altitudeMode":null,"tessellate":-1,"extrude":0,"visibility":-1,"drawOrder":null,"icon":null,"AREA":4193077.0636200001,"NEW":6300800034.0,"FULL":"臺北市文山區博嘉里","PERF_ID":63008.0,"COUN_ID":"6300800","CPID":"63008","CPTID":"6300800","CPTVID":"6300800034","NPID":63008.0,"NPTID":6300800.0,"NPTVID":6300800034.0,"PNAME":"臺北市","TNAME":"文山區","VNAME":"博嘉里","PTVNAME":"臺北市文山區博嘉里","PTNAME":"臺北市文山區","TVNAME":"文山區博嘉里","TM2_MAX_X":310303.083,"TM2_MAX_Y":2767649.19,"TM2_MIN_X":307031.227,"TM2_MIN_Y":2765295.57,"MAX_X":121.59748,"MAX_Y":25.0157,"MIN_X":121.56497,"MIN_Y":24.99458,"SECT_NAME":"文山區","LIE_NAME":"博嘉里","sn":413.0},"geometry":{"type":"MultiPolygon","coordinates":[[[[121.579332045871993,25.012737263958702],[121.579334132778996,25.012782979761301],[121.579334132913004,25.0127829795425],[121.579332046011004,25.012737263858501],[121.579332045871993,25.012737263958702]]]]}},
{"type":"Feature","properties":{"id":"南港區村里界.24","Name":null,"description":null,"timestamp":null,"begin":null,"end":null,"altitudeMode":null,"tessellate":-1,"extrude":0,"visibility":-1,"drawOrder":null,"icon":null,"AREA":311398.31811,"NEW":6301000022.0,"FULL":"臺北市內湖區五分里","PERF_ID":63010.0,"COUN_ID":"6301000","CPID":"63010","CPTID":"6301000","CPTVID":"6301000022","NPID":63010.0,"NPTID":6301000.0,"NPTVID":6301000022.0,"PNAME":"臺北市","TNAME":"內湖區","VNAME":"五分里","PTVNAME":"臺北市內湖區五分里","PTNAME":"臺北市內湖區","TVNAME":"內湖區五分里","TM2_MAX_X":312349.092,"TM2_MAX_Y":2773541.31,"TM2_MIN_X":311629.613,"TM2_MIN_Y":2772893.28,"MAX_X":121.61802,"MAX_Y":25.06881,"MIN_X":121.61086,"MIN_Y":25.06299,"SECT_NAME":"內湖區","LIE_NAME":"五分里","sn":145.0},"geometry":{"type":"MultiPolygon","coordinates":[[[[121.611930542189995,25.062982228672698],[121.612042919505996,25.0632033330692],[121.612105940714997,25.063320294728999],[121.612235003197995,25.063559822216899],[121.612588568242003,25.064099697678401],[121.612982508388995,25.064384979930999],[121.613393499335004,25.064513203702202],[121.613839696745998,25.064543842148701],[121.614428251289993,25.064498100588899],[121.614683033166997,25.0644520063084],[121.614826083143001,25.064426125981701],[121.615415657336996,25.064222899660798],[121.615715004598002,25.064119690138501],[121.616272152856993,25.063929961736299],[121.616283058251,25.063926248042801],[121.616283060927003,25.063926247131501],[121.616283058242004,25.0639262447086],[121.616272152847998,25.063929958402099],[121.616001974343007,25.064021963932799],[121.615715004589006,25.0641196868043],[121.615415657328001,25.064222896326601],[121.614826083134005,25.064426122647401],[121.614683033158002,25.0644520029741],[121.614428251280998,25.064498097254599],[121.613839696737003,25.064543838814402],[121.613393499327003,25.064513200367902],[121.61298250838,25.064384976596699],[121.612588568232994,25.0640996943442],[121.612327281009001,25.063700722551101],[121.612235003188999,25.063559818882698],[121.612105940706002,25.063320291394799],[121.612042919497995,25.063203329735],[121.611930542181,25.062982225338601],[121.611930541009997,25.062982226350499],[121.611930542189995,25.062982228672698]]]]}},
{"type":"Feature","properties":{"id":"南港區村里界.25","Name":null,"description":null,"timestamp":null,"begin":null,"end":null,"altitudeMode":null,"tessellate":-1,"extrude":0,"visibility":-1,"drawOrder":null,"icon":null,"AREA":545550.62824999995,"NEW":6301000026.0,"FULL":"臺北市內湖區週美里","PERF_ID":63010.0,"COUN_ID":"6301000","CPID":"63010","CPTID":"6301000","CPTVID":"6301000026","NPID":63010.0,"NPTID":6301000.0,"NPTVID":6301000026.0,"PNAME":"臺北市","TNAME":"內湖區","VNAME":"週美里","PTVNAME":"臺北市內湖區週美里","PTNAME":"臺北市內湖區","TVNAME":"內湖區週美里","TM2_MAX_X":309270.095,"TM2_MAX_Y":2772843.17,"TM2_MIN_X":308302.407,"TM2_MIN_Y":2771786.46,"MAX_X":121.58747,"MAX_Y":25.06263,"MIN_X":121.57784,"MIN_Y":25.05313,"SECT_NAME":"內湖區","LIE_NAME":"週美里","sn":171.0},"geometry":{"type":"MultiPolygon","coordinates":[[[[121.580918299103999,25.053114463299],[121.580948849714005,25.053118799161201],[121.581731824448994,25.053229919749601],[121.582003184407995,25.053279717518901],[121.582882287922999,25.0534410397368],[121.582917951819994,25.053447584215299],[121.582913654715995,25.053446488788499],[121.582882287914998,25.053441036403701],[121.582003184399994,25.053279714185798],[121.581731824439998,25.053229916416502],[121.580948849704995,25.053118795828102],[121.580918299095998,25.053114459965901],[121.580918298178005,25.053114463167599],[121.580918299103999,25.053114463299]]],[[[121.584312804389,25.0538092434943],[121.584414624774993,25.053841347168099],[121.584457108387994,25.053854742102899],[121.585168597996002,25.054079070035598],[121.585711579877994,25.054265916724201],[121.586149773265007,25.054416702536901],[121.586209541404003,25.0544489419269],[121.586680516163995,25.0547029878499],[121.587067483951003,25.054914262640899],[121.587437160619999,25.055116095271401],[121.587583582719006,25.055196037004801],[121.587583584014993,25.055196034384199],[121.587437160611003,25.0551160919381],[121.586680516154999,25.054702984516599],[121.586209541396002,25.054448938593701],[121.586149773255997,25.054416699203699],[121.585711579869994,25.054265913390999],[121.585711579869994,25.054265913390999],[121.585168597988002,25.0540790667023],[121.584457108378999,25.053854738769701],[121.584414624765998,25.0538413438349],[121.584312804381,25.053809240161101],[121.583819530379003,25.0536774133089],[121.583819260352996,25.053677344474998],[121.584312804389,25.0538092434943]]]]}},
{"type":"Feature","properties":{"id":"南港區村里界.26","Name":null,"description":null,"timestamp":null,"begin":null,"end":null,"altitudeMode":null,"tessellate":-1,"extrude":0,"visibility":-1,"drawOrder":null,"icon":null,"AREA":1093810.55819,"NEW":6301000028.0,"FULL":"臺北市內湖區石潭里","PERF_ID":63010.0,"COUN_ID":"6301000","CPID":"63010","CPTID":"6301000","CPTVID":"6301000028","NPID":63010.0,"NPTID":6301000.0,"NPTVID":6301000028.0,"PNAME":"臺北市","TNAME":"內湖區","VNAME":"石潭里","PTVNAME":"臺北市內湖區石潭里","PTNAME":"臺北市內湖區","TVNAME":"內湖區石潭里","TM2_MAX_X":310778.456,"TM2_MAX_Y":2773312.45,"TM2_MIN_X":308988.994,"TM2_MIN_Y":2772011.02,"MAX_X":121.60244,"MAX_Y":25.06681,"MIN_X":121.58465,"MIN_Y":25.05513,"SECT_NAME":"內湖區","LIE_NAME":"石潭里","sn":155.0},"geometry":{"type":"MultiPolygon","coordinates":[[[[121.587708615173995,25.055264300485302],[121.587963930894006,25.0554490608123],[121.588519447346002,25.055851059214],[121.58853623617,25.0558632086011],[121.588609960206995,25.0559165596305],[121.589351972976999,25.056508353168301],[121.589383095523999,25.056538914073201],[121.589604738643004,25.056756556741099],[121.589840714478996,25.056988272201998],[121.590348570090001,25.0574768075012],[121.590391644717997,25.0575233429919],[121.590664427123002,25.0578180411662],[121.590712897016004,25.057870405002902],[121.590945321326998,25.0580368111195],[121.591007636249003,25.058081425865499],[121.591014379193993,25.0580862560812],[121.591525062566006,25.058561125598501],[121.592110034233002,25.059058553204199],[121.592275733744998,25.0591994537501],[121.592996842931001,25.059530060148099],[121.593594010767006,25.059843337264599],[121.593804153720001,25.0598915307278],[121.594359088749997,25.060018796001302],[121.594874409184001,25.060000509174401],[121.595332561451002,25.059895238822701],[121.595619715571999,25.059829258169099],[121.596170146888994,25.059654515739499],[121.596330592680999,25.059602514400499],[121.596330594406993,25.059602513841199],[121.596330592574006,25.059602511185101],[121.596170146831994,25.059654512309901],[121.595619715596001,25.0598292551004],[121.595332561443001,25.059895235488899],[121.594874409175006,25.060000505840598],[121.594359088741001,25.060018792667499],[121.593804153712,25.059891527393901],[121.59359401063,25.059843334124299],[121.592996842714001,25.059530057080099],[121.592275733845,25.0591994506083],[121.592110034225001,25.0590585498704],[121.591525062556997,25.058561122264798],[121.591014379184998,25.058086252747501],[121.591007636241002,25.058081422531799],[121.590945321318003,25.0580368077858],[121.590712897006995,25.057870401669302],[121.590664427115001,25.0578180378326],[121.590391644709996,25.057523339658299],[121.590348570081005,25.057476804167599],[121.589840714470995,25.056988268868501],[121.589604738633994,25.056756553407599],[121.589351972968004,25.0565083498349],[121.589132778511001,25.056333531222801],[121.588609960198994,25.055916556297099],[121.588536236161005,25.055863205267698],[121.588519447338001,25.055851055880598],[121.587963930884996,25.055449057478899],[121.587708615164999,25.055264297151901],[121.587583584014993,25.055196034384199],[121.587583582719006,25.055196037004801],[121.587708615173995,25.055264300485302]]]]}},
{"type":"Feature","properties":{"id":"南港區村里界.27","Name":null,"description":null,"timestamp":null,"begin":null,"end":null,"altitudeMode":null,"tessellate":-1,"extrude":0,"visibility":-1,"drawOrder":null,"icon":null,"AREA":358238.05265000003,"NEW":6301000027.0,"FULL":"臺北市內湖區行善里","PERF_ID":63010.0,"COUN_ID":"6301000","CPID":"63010","CPTID":"6301000","CPTVID":"6301000027","NPID":63010.0,"NPTID":6301000.0,"NPTVID":6301000027.0,"PNAME":"臺北市","TNAME":"內湖區","VNAME":"行善里","PTVNAME":"臺北市內湖區行善里","PTNAME":"臺北市內湖區","TVNAME":"內湖區行善里","TM2_MAX_X":308613.305,"TM2_MAX_Y":2772292.1,"TM2_MIN_X":307674.019,"TM2_MIN_Y":2771635.1,"MAX_X":121.58094,"MAX_Y":25.05768,"MIN_X":121.5716,"MIN_Y":25.05178,"SECT_NAME":"內湖區","LIE_NAME":"行善里","sn":196.0},"geometry":{"type":"MultiPolygon","coordinates":[[[[121.579855169390001,25.052949707929798],[121.580499391957005,25.053053732858199],[121.580564722033998,25.053064281773601],[121.580918298178005,25.053114463167599],[121.580918299095998,25.053114459965901],[121.580564722025997,25.053064278440502],[121.580499391947995,25.0530537295251],[121.579855169381005,25.052949704596699],[121.579785896953993,25.052938518751901],[121.579785896074,25.052938521941499],[121.579855169390001,25.052949707929798]]]]}},
{"type":"Feature","properties":{"id":"南港區村里界.28","Name":null,"description":null,"timestamp":null,"begin":null,"end":null,"altitudeMode":null,"tessellate":-1,"extrude":0,"visibility":-1,"drawOrder":null,"icon":null,"AREA":1280260.34397,"NEW":6300200032.0,"FULL":"臺北市信義區六合里","PERF_ID":63002.0,"COUN_ID":"6300200","CPID":"63002","CPTID":"6300200","CPTVID":"6300200032","NPID":63002.0,"NPTID":6300200.0,"NPTVID":6300200032.0,"PNAME":"臺北市","TNAME":"信義區","VNAME":"六合里","PTVNAME":"臺北市信義區六合里","PTNAME":"臺北市信義區","TVNAME":"信義區六合里","TM2_MAX_X":309102.419,"TM2_MAX_Y":2768870.96,"TM2_MIN_X":307268.046,"TM2_MIN_Y":2767463.25,"MAX_X":121.58564,"MAX_Y":25.02677,"MIN_X":121.56741,"MIN_Y":25.01414,"SECT_NAME":"信義區","LIE_NAME":"六合里","sn":376.0},"geometry":{"type":"MultiPolygon","coordinates":[[[[121.577662419372999,25.014105784702501],[121.577767746434006,25.014111875657001],[121.577873768285002,25.014133049698199],[121.577930635006993,25.014233951797198],[121.577970959221005,25.014280515184101],[121.578035043352997,25.014361211506198],[121.578225027806994,25.014584350223998],[121.578268738988001,25.0147278525072],[121.578293481472002,25.0147855899198],[121.578369015882998,25.014833812821699],[121.578434049484002,25.015028222488301],[121.578576908437995,25.015290354615299],[121.578576908960002,25.0152903522612],[121.578472361538005,25.015098518150499],[121.578434049476002,25.015028219159301],[121.578369015874998,25.0148338094927],[121.578293481463007,25.014785586590801],[121.578268738979006,25.0147278491782],[121.578225027797998,25.014584346894999],[121.578035043344002,25.014361208177299],[121.577970959213005,25.014280511855102],[121.577930634997998,25.014233948468299],[121.577873768277001,25.014133046369299],[121.577767746424996,25.014111872328101],[121.577662422453997,25.014105781552299],[121.577662419372999,25.014105784702501]]],[[[121.578558638198999,25.015372617980599],[121.578659305874993,25.015394796331599],[121.578704478611996,25.0153997213609],[121.578906989101,25.015614360135601],[121.578996236411001,25.015635075036901],[121.579067973465996,25.015760709749799],[121.579088179151995,25.015776285676601],[121.579117630515,25.015764768550302],[121.579163115406004,25.015741163612901],[121.579225072127997,25.0157566581338],[121.579227506204006,25.0158087585022],[121.579330289321007,25.0158658212059],[121.579330289884993,25.0158658181949],[121.579227506196005,25.015808755173101],[121.579225072119996,25.015756654804701],[121.579163115398003,25.015741160283799],[121.579117630507,25.015764765221199],[121.579088179143994,25.015776282347499],[121.579067973457995,25.0157607064207],[121.578996236403,25.015635071707798],[121.578906989092005,25.015614356806498],[121.578704478603996,25.015399718031802],[121.578659305867006,25.0153947930025],[121.578558638903999,25.015372614808498],[121.578558638198999,25.015372617980599]]],[[[121.579322914846003,25.015905158348801],[121.579436312585003,25.016038854670501],[121.579436312926006,25.016038851752899],[121.579322915356002,25.015905155630001],[121.579322914846003,25.015905158348801]]],[[[121.579433036325,25.016066908944399],[121.579511698242001,25.016148214416599],[121.579511699611999,25.016148212511901],[121.579433036671006,25.016066905981301],[121.579433036325,25.016066908944399]]],[[[121.579481125512004,25.016190730682698],[121.579568672484001,25.016273348099698],[121.579588624196006,25.016323430113101],[121.579636327307995,25.0163354320004],[121.579705517266007,25.0164627826085],[121.579818632203995,25.016508574113601],[121.579836048256993,25.016554567249202],[121.579902025080003,25.0165947374879],[121.579916478458003,25.016767215965501],[121.579948035377001,25.0168263438926],[121.579968486224999,25.0168750606671],[121.580126175060997,25.016979432519101],[121.580268639818001,25.017000363293],[121.580323842688003,25.017071198491202],[121.580712580585001,25.017244291904401],[121.580798972292001,25.017329522178201],[121.580966683068993,25.017493637623499],[121.581023396456004,25.0175999337958],[121.581055748447994,25.017660570052101],[121.581168904812003,25.017771642069],[121.581277923355003,25.017746695724401],[121.581359913331994,25.017784933881799],[121.581387783607994,25.017822634312299],[121.581445298784999,25.017809914585001],[121.581499876920006,25.017865693003699],[121.581551529549003,25.017960854108601],[121.581567314489007,25.018003157241399],[121.581622324180003,25.018150581204399],[121.581673790862993,25.018246185361399],[121.581785659852002,25.018306713953599],[121.581961141264998,25.018332154279701],[121.582162111776,25.018354596590601],[121.582283360313994,25.0183744438628],[121.582375998033996,25.018411818191701],[121.582551931850006,25.018533061541401],[121.582680072127005,25.018663204053802],[121.582779269037005,25.018738298625699],[121.582785526329005,25.018712146968099],[121.582880407814002,25.0186916515134],[121.582924053407993,25.018658248196399],[121.582991417803001,25.0186309360605],[121.583172208700006,25.018605643662401],[121.583253216783007,25.018607781501899],[121.583377225481001,25.018567959804098],[121.583458115598006,25.018543050008201],[121.583552535042998,25.0185254719954],[121.583587965649002,25.018596636323998],[121.583601760609,25.018658045019698],[121.583615731655001,25.018758788160401],[121.583805070805994,25.0188293481669],[121.583810574953006,25.0188514531126],[121.583810575230004,25.018851450929201],[121.583805070797993,25.0188293448374],[121.583615731647001,25.018758784831],[121.583601760600004,25.018658041690301],[121.583587965641001,25.018596632994601],[121.583552535034002,25.018525468665999],[121.583458115588996,25.018543046678801],[121.583377225473001,25.018567956474701],[121.583253216773997,25.018607778172498],[121.583172208692005,25.018605640333],[121.582991417795,25.018630932731099],[121.582924053398997,25.018658244866899],[121.582880407805007,25.018691648183999],[121.582785526319995,25.018712143638702],[121.582779269029004,25.018738295296298],[121.582680072119004,25.018663200724401],[121.582551931842005,25.018533058211901],[121.582375998025,25.018411814862301],[121.582283360305993,25.0183744405334],[121.582162111768,25.018354593261201],[121.581961141256002,25.0183321509503],[121.581785659844002,25.018306710624199],[121.581673790855007,25.018246182032101],[121.581622324172002,25.018150577875101],[121.581567314479997,25.018003153912002],[121.581551529541002,25.0179608507793],[121.581499876910996,25.017865689674402],[121.581445298776003,25.0178099112557],[121.581387783598998,25.017822630983002],[121.581359913322999,25.017784930552502],[121.581277923347002,25.0177466923951],[121.581168904804002,25.017771638739699],[121.581055748438999,25.0176605667227],[121.581023396448003,25.017599930466499],[121.580966683059998,25.017493634294201],[121.580798972283006,25.0173295188489],[121.580712580576005,25.0172442885751],[121.580323842680002,25.0170711951619],[121.580268639809006,25.017000359963699],[121.580126175052996,25.016979429189899],[121.579968486216003,25.016875057337899],[121.579948035369,25.016826340563401],[121.579916478450002,25.0167672126362],[121.579902025072002,25.016594734158701],[121.579836048249007,25.01655456392],[121.579818632195,25.016508570784399],[121.579705517258006,25.016462779279301],[121.579636327299994,25.016335428671201],[121.579588624188005,25.016323426783998],[121.579568672475006,25.0162733447705],[121.579481126934994,25.016190728704402],[121.579481125512004,25.016190730682698]]],[[[121.583731113341003,25.019176296952502],[121.583738348322996,25.0192689232364],[121.583745152619997,25.019289335983299],[121.583923145739007,25.019351056789102],[121.583952146705997,25.019407647613601],[121.583952146865997,25.019407644613501],[121.583923145729997,25.019351053459602],[121.583745152611996,25.019289332653798],[121.583738348314995,25.019268919906899],[121.583731113376004,25.019176294188199],[121.583731113341003,25.019176296952502]]],[[[121.583935401578998,25.019554112274299],[121.583965314843994,25.019598250185599],[121.583989862948002,25.019649784496998],[121.583989863209993,25.019649781736899],[121.583965314835993,25.019598246856098],[121.583935402023002,25.019554109612201],[121.583935401578998,25.019554112274299]]],[[[121.583974549542006,25.019839154004799],[121.583985742964998,25.019920244948501],[121.583994140211999,25.019984139447899],[121.584040625339995,25.020106882498201],[121.584067973524,25.020180534064],[121.584122064956006,25.020199993616799],[121.584211481338002,25.020266016334599],[121.584282144797996,25.020364089984302],[121.584342100011995,25.020479404085599],[121.584369366949005,25.020535839455299],[121.584399829486998,25.020697989511],[121.584433474292993,25.020960924991201],[121.584444949152001,25.021103476088701],[121.584444949263997,25.021103474267299],[121.584433474285007,25.020960921661501],[121.584399829478997,25.0206979861814],[121.584369366939995,25.020535836125699],[121.584342100003994,25.020479400755999],[121.584282144789995,25.020364086654698],[121.584211481330001,25.020266013004999],[121.584122064948005,25.0201999902872],[121.584067973515999,25.0201805307344],[121.584040625331994,25.020106879168701],[121.583994140203998,25.019984136118399],[121.583985742956003,25.019920241618902],[121.583974549700997,25.019839151886998],[121.583974549542006,25.019839154004799]]],[[[121.584311465602994,25.021423621630198],[121.584322730972005,25.021521919666],[121.584355432958006,25.021585709562899],[121.584409781163998,25.021659254906499],[121.584472047961995,25.021693433976399],[121.584572067487997,25.021717624015199],[121.584620864589994,25.0217592318877],[121.584770124021006,25.021918449935999],[121.584878831195994,25.022065540238501],[121.584957903987004,25.0222274898385],[121.584996903589001,25.022480571158901],[121.58499690379,25.0224805691917],[121.584957903979003,25.022227486508701],[121.584878831188007,25.022065536908698],[121.584770124013005,25.0219184466063],[121.584620864582007,25.021759228558],[121.584572067479996,25.0217176206855],[121.584472047953,25.0216934306466],[121.584409781155998,25.0216592515768],[121.584355432950005,25.0215857062332],[121.584322730964004,25.021521916336301],[121.584311465883999,25.021423620819899],[121.584311465602994,25.021423621630198]]],[[[121.584986581717999,25.0225814110599],[121.584995375923,25.022728894405301],[121.585015084855996,25.0228984624849],[121.585018304217002,25.023009076300902],[121.585018304293996,25.023009075917098],[121.585015084847996,25.022898459155002],[121.584995375915,25.022728891075499],[121.584986581837995,25.022581409888701],[121.584986581717999,25.0225814110599]]],[[[121.584994568867003,25.023127187013099],[121.585016506719001,25.023198404025901],[121.585026135489002,25.023258682785301],[121.585016506711,25.023198400696],[121.584994569269,25.023127185015301],[121.584994568867003,25.023127187013099]]],[[[121.585043546643007,25.023367690453099],[121.585077620633996,25.0234594435864],[121.585077947366003,25.023528358957101],[121.585077947372994,25.023528358916501],[121.585077620625,25.023459440256399],[121.585043546635006,25.023367687123201],[121.585043330968006,25.023366336918599],[121.585043546643007,25.023367690453099]]],[[[121.585058873660003,25.023643300885801],[121.585093213978993,25.023791207278698],[121.585124544623,25.023895736819199],[121.585178479263007,25.024038465219601],[121.585257819861994,25.0242168264882],[121.585272409026004,25.024336733432602],[121.585326319844995,25.024474361026002],[121.585382889485999,25.024581337012101],[121.585475851378007,25.0246754130387],[121.585582799567007,25.024764333071801],[121.585631464019002,25.024826122650801],[121.585631467183006,25.024826123349001],[121.585582799557997,25.0247643297417],[121.585475851368997,25.0246754097086],[121.585382889477003,25.024581333682001],[121.585326319836994,25.024474357696],[121.585272409016994,25.024336730102601],[121.585257819852998,25.024216823158199],[121.585178479255006,25.024038461889599],[121.585124544614999,25.023895733489301],[121.585093213969998,25.023791203948701],[121.585058873978994,25.023643298965698],[121.585058873660003,25.023643300885801]]]]}},
{"type":"Feature","properties":{"id":"南港區村里界.29","Name":null,"description":null,"timestamp":null,"begin":null,"end":null,"altitudeMode":null,"tessellate":-1,"extrude":0,"visibility":-1,"drawOrder":null,"icon":null,"AREA":586218.96065999998,"NEW":6300200025.0,"FULL":"臺北市信義區中行里","PERF_ID":63002.0,"COUN_ID":"6300200","CPID":"63002","CPTID":"6300200","CPTVID":"6300200025","NPID":63002.0,"NPTID":6300200.0,"NPTVID":6300200025.0,"PNAME":"臺北市","TNAME":"信義區","VNAME":"中行里","PTVNAME":"臺北市信義區中行里","PTNAME":"臺北市信義區","TVNAME":"信義區中行里","TM2_MAX_X":309757.914,"TM2_MAX_Y":2770533.9,"TM2_MIN_X":308872.332,"TM2_MIN_Y":2769010.15,"MAX_X":121.59221,"MAX_Y":25.04176,"MIN_X":121.58337,"MIN_Y":25.02804,"SECT_NAME":"信義區","LIE_NAME":"中行里","sn":286.0},"geometry":{"type":"MultiPolygon","coordinates":[[[[121.588042810062007,25.028021807275],[121.588164404156998,25.028240833339702],[121.588243739735006,25.028416646934101],[121.588320088790994,25.028554175457],[121.588387514374006,25.0285845406028],[121.588538985745004,25.028604362245002],[121.588665349302005,25.028647250450799],[121.588819783267994,25.028700238027],[121.588885827,25.028760752960501],[121.588892251158995,25.028765584578601],[121.588920235016005,25.028786626335901],[121.588968720211994,25.028768224701199],[121.589046243943997,25.028848564728801],[121.589106526418007,25.028908154452299],[121.589152421310999,25.028946991609999],[121.589229721631995,25.0289805041111],[121.589304143465,25.029008827848301],[121.589358594510998,25.0290424308781],[121.589396005533999,25.0290995111047],[121.589425069276999,25.029203443706699],[121.589482510875996,25.0292656536325],[121.589591254222995,25.029301641292101],[121.589719980911994,25.029334949512599],[121.589828799009993,25.029386546134901],[121.589992083561995,25.0294769455408],[121.590063741734994,25.029526080401901],[121.590155455412003,25.029585544890001],[121.590175734870996,25.0296427019627],[121.590224782739,25.029743954963301],[121.590290783545996,25.029803521475301],[121.590362402211994,25.029842265100701],[121.590448361561997,25.029893943027201],[121.590619545825007,25.0298438434986],[121.590696772358996,25.029861746079401],[121.590872893319002,25.0299693460044],[121.591170319144993,25.030002406468199],[121.591338862594,25.030085660341701],[121.591612989194999,25.030361765407399],[121.591654859681,25.030645908821199],[121.591868174563004,25.0308843739252],[121.592099594169994,25.0311187400813],[121.592157479101004,25.031289480084101],[121.592157479701001,25.031289478546899],[121.592099594161994,25.031118736750599],[121.591868174553994,25.030884370594499],[121.591654859673,25.030645905490498],[121.591612989186999,25.030361762076701],[121.591338862585999,25.030085657011099],[121.591170319137007,25.030002403137502],[121.590872893310006,25.029969342673802],[121.590696772350995,25.0298617427488],[121.590619545817006,25.029843840167999],[121.590448361553001,25.029893939696599],[121.590362402203993,25.029842261770099],[121.590290783537995,25.0298035181447],[121.590224782730999,25.0297439516327],[121.590175734862001,25.029642698632099],[121.590155455403007,25.029585541559399],[121.590063741726993,25.029526077071299],[121.589992083553,25.029476942210199],[121.589828799002007,25.0293865428043],[121.589719980902998,25.0293349461821],[121.589591254214,25.029301637961598],[121.589482510867995,25.029265650301902],[121.589425069268003,25.0292034403762],[121.589396005525998,25.029099507774198],[121.589358594502002,25.029042427547601],[121.589304143456999,25.029008824517799],[121.589229721623994,25.028980500780499],[121.589152421302003,25.0289469882795],[121.589106526410006,25.028908151121801],[121.589046243935996,25.028848561398299],[121.588968720202999,25.028768221370701],[121.588920235008004,25.028786623005399],[121.588892251150995,25.028765581248098],[121.588885826991998,25.028760749630099],[121.588819783260007,25.028700234696601],[121.588665349292995,25.028647247120301],[121.588538985735994,25.0286043589145],[121.588387514364996,25.028584537272302],[121.588320088781998,25.028554172126501],[121.588243739725996,25.028416643603698],[121.588164404148998,25.028240830009299],[121.588042810054006,25.028021803944601],[121.588042808199006,25.028021805618199],[121.588042810062007,25.028021807275]]],[[[121.589298077763999,25.034266883032],[121.589311380306,25.0344544503408],[121.589505692011997,25.034591563968799],[121.589505692588006,25.034591561050199],[121.589311380297005,25.034454447009701],[121.589298077977006,25.034266882831101],[121.589298077763999,25.034266883032]]],[[[121.589471752484997,25.034763492974101],[121.589485140863005,25.034966876978402],[121.589535551761998,25.035124901841101],[121.589550584538003,25.035154226169801],[121.589550585652006,25.035154225026901],[121.589535551753002,25.035124898509899],[121.589485140853995,25.0349668736472],[121.589471752642993,25.0347634921741],[121.589471752484997,25.034763492974101]]],[[[121.589075412623998,25.035990210364201],[121.589155340659005,25.036091612026802],[121.589267812277001,25.0362471338773],[121.589326129767002,25.036502331960499],[121.589358954187006,25.036615223371399],[121.589369066706993,25.036653605805999],[121.589369066868002,25.036653603119799],[121.589358954177996,25.036615220040002],[121.589326129758007,25.036502328629201],[121.589267812269,25.036247130545998],[121.589155340649995,25.0360916086955],[121.589075413322007,25.035990207929899],[121.589075412623998,25.035990210364201]]],[[[121.589295313369007,25.036807609783999],[121.589305372091999,25.036834699046899],[121.589327857933,25.0368639960232],[121.589337872523004,25.036879773368302],[121.589340446777001,25.036900109878498],[121.589340447072999,25.036900108948899],[121.589337872515003,25.036879770037],[121.589327857924999,25.036863992691799],[121.589305372083004,25.036834695715498],[121.589295313708007,25.036807607388099],[121.589295313369007,25.036807609783999]]],[[[121.588266621103003,25.0381973312635],[121.588311904408997,25.038321464628901],[121.588311905481007,25.038321464258001],[121.588266621665994,25.038197329497802],[121.588266621103003,25.0381973312635]]],[[[121.587444177161998,25.039724930403501],[121.587468308934007,25.039723284383999],[121.587480111890002,25.0396044890756],[121.587444177161998,25.039724930403501]]],[[[121.587144664912003,25.039663917585798],[121.587034709855004,25.0400267451625],[121.587072542876001,25.0400534073374],[121.587070735482996,25.039999082084499],[121.587129199033001,25.039885847258301],[121.587146521258006,25.039800509081498],[121.587184655949997,25.039742660262199],[121.587210924483003,25.039717232833802],[121.587312975572004,25.039714461631799],[121.587144664912003,25.039663917585798]]],[[[121.586787024667004,25.040871435573401],[121.586781934979996,25.0408852505191],[121.586976308171998,25.0409440585121],[121.587000927546995,25.0409533383026],[121.587000928783993,25.040953335440101],[121.586976308163997,25.040944055180301],[121.586900161439999,25.040917633672201],[121.586888713682995,25.0408175237711],[121.586983756015002,25.040671219303199],[121.586964277386002,25.040642921165801],[121.587008421849006,25.040398565717499],[121.587034591654003,25.0403856696107],[121.587046386165994,25.040244505912],[121.587075685089005,25.0401478534524],[121.587073856226993,25.0400928829993],[121.586787024667004,25.040871435573401]]],[[[121.586264953690005,25.041561159614002],[121.586264642364995,25.041562141412399],[121.586429975060994,25.041539142711599],[121.586264953690005,25.041561159614002]]]]}},
{"type":"Feature","properties":{"id":"南港區村里界.30","Name":null,"description":null,"timestamp":null,"begin":null,"end":null,"altitudeMode":null,"tessellate":-1,"extrude":0,"visibility":-1,"drawOrder":null,"icon":null,"AREA":407157.39335000003,"NEW":6300200024.0,"FULL":"臺北市信義區中坡里","PERF_ID":63002.0,"COUN_ID":"6300200","CPID":"63002","CPTID":"6300200","CPTVID":"6300200024","NPID":63002.0,"NPTID":6300200.0,"NPTVID":6300200024.0,"PNAME":"臺北市","TNAME":"信義區","VNAME":"中坡里","PTVNAME":"臺北市信義區中坡里","PTNAME":"臺北市信義區","TVNAME":"信義區中坡里","TM2_MAX_X":309344.242,"TM2_MAX_Y":2770413.5,"TM2_MIN_X":308677.627,"TM2_MIN_Y":2768603.09,"MAX_X":121.5881,"MAX_Y":25.04069,"MIN_X":121.58142,"MIN_Y":25.02437,"SECT_NAME":"信義區","LIE_NAME":"中坡里","sn":296.0},"geometry":{"type":"MultiPolygon","coordinates":[[[[121.585631467192002,25.024826126679098],[121.585658949497997,25.024861021110599],[121.585715301581999,25.024922063234001],[121.585836500655006,25.025059416430899],[121.585862006019994,25.025118025136599],[121.585921683517,25.0252888077388],[121.585950405141006,25.025434190126099],[121.586006767499995,25.025495223059998],[121.586136212184002,25.025599365500899],[121.586245929312994,25.025680609318499],[121.586316338819003,25.0257492515154],[121.586358984379004,25.025874157497601],[121.586472634220996,25.0261927684064],[121.586515352880994,25.026332985566398],[121.586535675297,25.026480946851901],[121.586624062804006,25.0267920015316],[121.586745206334001,25.026919152469901],[121.586821504213006,25.027046471339101],[121.586942585271998,25.0271583108321],[121.587192691037998,25.0272874979661],[121.587434757207006,25.0274907371663],[121.587614805369,25.027625310299399],[121.587752809668004,25.027757494545099],[121.587854190369995,25.027854081592999],[121.588042808199006,25.028021805618199],[121.588042810054006,25.028021803944601],[121.587854190361,25.0278540782626],[121.587752809660003,25.0277574912147],[121.587614805360005,25.027625306969],[121.587434757199006,25.027490733835901],[121.587192691029003,25.0272874946358],[121.586942585263003,25.027158307501701],[121.586821504203996,25.027046468008798],[121.586745206326,25.026919149139601],[121.586624062794996,25.026791998201201],[121.586535675288999,25.026480943521602],[121.586515352872993,25.026332982236099],[121.586472634212996,25.0261927650762],[121.586358984371003,25.025874154167401],[121.586316338811002,25.0257492481852],[121.586245929303999,25.025680605988299],[121.586136212175006,25.025599362170801],[121.586006767491995,25.025495219729802],[121.585950405131996,25.025434186795898],[121.585921683509,25.0252888044086],[121.585862006011993,25.025118021806499],[121.585836500645996,25.025059413100799],[121.585715301573998,25.024922059903901],[121.585658949489002,25.024861017780498],[121.585631467183006,25.024826123349001],[121.585631464019002,25.024826122650801],[121.585631467192002,25.024826126679098]]]]}},
{"type":"Feature","properties":{"id":"南港區村里界.31","Name":null,"description":null,"timestamp":null,"begin":null,"end":null,"altitudeMode":null,"tessellate":-1,"extrude":0,"visibility":-1,"drawOrder":null,"icon":null,"AREA":117846.07056,"NEW":6300200026.0,"FULL":"臺北市信義區大道里","PERF_ID":63002.0,"COUN_ID":"6300200","CPID":"63002","CPTID":"6300200","CPTVID":"6300200026","NPID":63002.0,"NPTID":6300200.0,"NPTVID":6300200026.0,"PNAME":"臺北市","TNAME":"信義區","VNAME":"大道里","PTVNAME":"臺北市信義區大道里","PTNAME":"臺北市信義區","TVNAME":"信義區大道里","TM2_MAX_X":309035.779,"TM2_MAX_Y":2770795.97,"TM2_MIN_X":308543.502,"TM2_MIN_Y":2770282.94,"MAX_X":121.58506,"MAX_Y":25.04416,"MIN_X":121.58016,"MIN_Y":25.03954,"SECT_NAME":"信義區","LIE_NAME":"大道里","sn":274.0},"geometry":{"type":"MultiPolygon","coordinates":[[[[121.582422787873995,25.043737341066201],[121.582421437099001,25.043738507868799],[121.582600654868003,25.0435887167156],[121.582422787873995,25.043737341066201]]]]}},
{"type":"Feature","properties":{"id":"南港區村里界.32","Name":null,"description":null,"timestamp":null,"begin":null,"end":null,"altitudeMode":null,"tessellate":-1,"extrude":0,"visibility":-1,"drawOrder":null,"icon":null,"AREA":121876.21428,"NEW":6300200014.0,"FULL":"臺北市信義區永吉里","PERF_ID":63002.0,"COUN_ID":"6300200","CPID":"63002","CPTID":"6300200","CPTVID":"6300200014","NPID":63002.0,"NPTID":6300200.0,"NPTVID":6300200014.0,"PNAME":"臺北市","TNAME":"信義區","VNAME":"永吉里","PTVNAME":"臺北市信義區永吉里","PTNAME":"臺北市信義區","TVNAME":"信義區永吉里","TM2_MAX_X":308589.114,"TM2_MAX_Y":2771386.38,"TM2_MIN_X":308299.22,"TM2_MIN_Y":2770925.11,"MAX_X":121.58066,"MAX_Y":25.0495,"MIN_X":121.57777,"MIN_Y":25.04535,"SECT_NAME":"信義區","LIE_NAME":"永吉里","sn":236.0},"geometry":{"type":"MultiPolygon","coordinates":[[[[121.580641918338003,25.045339208549901],[121.580641918460998,25.0453392346529],[121.580641918344,25.045339208543801],[121.580641918338003,25.045339208549901]]],[[[121.580642431941001,25.0464582275394],[121.580642745993003,25.046661728842],[121.580642506136002,25.046363632379599],[121.580642431941001,25.0464582275394]]],[[[121.580097304644994,25.048843406690398],[121.580097248353994,25.0488445769608],[121.580114282541004,25.048514418269601],[121.580097304644994,25.048843406690398]]]]}},
{"type":"Feature","properties":{"id":"南港區村里界.33","Name":null,"description":null,"timestamp":null,"begin":null,"end":null,"altitudeMode":null,"tessellate":-1,"extrude":0,"visibility":-1,"drawOrder":null,"icon":null,"AREA":138766.72408000001,"NEW":6300200018.0,"FULL":"臺北市信義區永春里","PERF_ID":63002.0,"COUN_ID":"6300200","CPID":"63002","CPTID":"6300200","CPTVID":"6300200018","NPID":63002.0,"NPTID":6300200.0,"NPTVID":6300200018.0,"PNAME":"臺北市","TNAME":"信義區","VNAME":"永春里","PTVNAME":"臺北市信義區永春里","PTNAME":"臺北市信義區","TVNAME":"信義區永春里","TM2_MAX_X":308719.027,"TM2_MAX_Y":2770930.16,"TM2_MIN_X":308299.358,"TM2_MIN_Y":2770418.54,"MAX_X":121.58193,"MAX_Y":25.04538,"MIN_X":121.57775,"MIN_Y":25.04078,"SECT_NAME":"信義區","LIE_NAME":"永春里","sn":265.0},"geometry":{"type":"MultiPolygon","coordinates":[[[[121.581917767223004,25.0441735768174],[121.581354150364007,25.044188139048099],[121.581208906651,25.0446652131393],[121.581371718132999,25.0446587867517],[121.581371722057995,25.0446587832642],[121.581826389411006,25.044254895264501],[121.581923719350002,25.044168435410199],[121.581917767223004,25.0441735768174]]]]}}
]
}
